product,type,quantity,selling_price,cost_price,shipping,fees,date,Unnamed: 8,Unnamed: 9,Unnamed: 10,Unnamed: 11
Noise Cancelling Headphones,sale,3.0,1245.1086698976449,721.0,18.0,24.902173397952897,12-05-2023,,,,
External SSD,sale,3.0,5107.024601817386,3850.0,38.0,102.14049203634772,08-04-2023,,,,
Webcam,purchase,24.0,0.0,4035.0,55.0,0.0,21-11-2023,,,,
Wireless Mouse,purchase,2.0,0.0,2183.0,31.0,0.0,29-04-2023,,,,
USB-C Hub,sale,3.0,5356.970755012711,3148.0,40.0,107.13941510025423,05-11-2023,,,,
Noise Cancelling Headphones,sale,4.0,6219.3905143993425,4404.0,16.0,124.38781028798685,02-11-2023,,,,
External SSD,sale,4.0,7901.470674907469,4599.0,30.0,158.02941349814938,15-05-2023,,,,
External SSD,purchase,95.0,0.0,3170.0,34.0,0.0,03-10-2023,,,,
Ethernet Adapter,sale,2.0,4770.242808564595,2765.0,41.0,95.40485617129191,19-10-2023,,,,
Bluetooth Speaker,sale,2.0,699.2083732259812,531.0,47.0,13.984167464519624,12-12-2023,,,,
Wireless Mouse,sale,3.0,639.2304366896371,508.0,38.0,12.784608733792743,13-08-2023,,,,
External SSD,sale,4.0,3196.6998843074484,1815.0,30.0,63.93399768614897,19-01-2023,,,,
Laptop Stand,sale,1.0,2003.6868406480994,1416.0,37.0,40.07373681296199,14-06-2023,,,,
Wireless Mouse,purchase,91.0,0.0,2131.0,145.0,0.0,30-07-2023,,,,
USB-C Hub,purchase,57.0,0.0,3263.0,98.0,0.0,25-07-2023,,,,
Mechanical Keyboard,sale,2.0,5391.449971665365,3943.0,20.0,107.82899943330732,23-03-2023,,,,
Ethernet Adapter,sale,4.0,1374.8674771257413,966.0,13.0,27.497349542514826,26-03-2023,,,,
Wireless Mouse,sale,1.0,5555.288808672164,3522.0,43.0,111.10577617344329,30-12-2023,,,,
Ethernet Adapter,sale,1.0,1626.8303965106784,992.0,29.0,32.53660793021357,01-09-2023,,,,
Mechanical Keyboard,sale,2.0,2068.387621877357,1537.0,12.0,41.367752437547146,24-07-2023,,,,
Noise Cancelling Headphones,sale,3.0,6280.083989670503,4430.0,25.0,125.60167979341006,14-08-2023,,,,
External SSD,sale,4.0,5255.3996489941,3859.0,38.0,105.107992979882,13-06-2023,,,,
Gaming Monitor,sale,3.0,5828.436942660541,3246.0,5.0,116.56873885321082,12-07-2023,,,,
Ethernet Adapter,sale,3.0,3732.3125803131124,2416.0,21.0,74.64625160626225,15-02-2023,,,,
Bluetooth Speaker,sale,2.0,5626.75259661214,4063.0,28.0,112.53505193224281,18-10-2023,,,,
Noise Cancelling Headphones,sale,3.0,5691.313719038908,3257.0,14.0,113.82627438077816,08-01-2023,,,,
Bluetooth Speaker,sale,4.0,5914.635333246926,3649.0,35.0,118.29270666493852,09-03-2023,,,,
Laptop Stand,sale,4.0,1146.3496506798108,650.0,11.0,22.926993013596217,05-02-2023,,,,
Noise Cancelling Headphones,sale,1.0,5632.6001155905815,3987.0,21.0,112.65200231181163,27-01-2023,,,,
Mechanical Keyboard,purchase,27.0,0.0,2294.0,144.0,0.0,07-10-2023,,,,
Mechanical Keyboard,sale,4.0,2576.8315957302643,1784.0,8.0,51.53663191460529,08-03-2023,,,,
Webcam,sale,3.0,5935.0093425247105,3551.0,15.0,118.70018685049422,22-09-2023,,,,
Mechanical Keyboard,sale,4.0,6594.081638067608,4407.0,49.0,131.88163276135217,24-01-2023,,,,
External SSD,sale,2.0,7445.311216085418,4382.0,28.0,148.90622432170835,28-02-2023,,,,
Noise Cancelling Headphones,purchase,39.0,0.0,3437.0,127.0,0.0,13-06-2023,,,,
Noise Cancelling Headphones,sale,4.0,2430.215811750389,1481.0,47.0,48.604316235007786,21-07-2023,,,,
USB-C Hub,sale,4.0,888.5806193601902,618.0,29.0,17.771612387203806,02-09-2023,,,,
Laptop Stand,sale,4.0,3821.4060719604126,2434.0,38.0,76.42812143920825,18-07-2023,,,,
Wireless Mouse,purchase,9.0,0.0,4957.0,65.0,0.0,16-06-2023,,,,
Noise Cancelling Headphones,sale,4.0,1053.5829758040443,599.0,47.0,21.071659516080885,14-04-2023,,,,
Laptop Stand,sale,1.0,5672.404637627327,4111.0,43.0,113.44809275254654,27-09-2023,,,,
Noise Cancelling Headphones,sale,4.0,5219.292319438359,3112.0,5.0,104.38584638876719,23-09-2023,,,,
USB-C Hub,sale,1.0,2605.717026722977,1618.0,32.0,52.114340534459544,29-04-2023,,,,
Noise Cancelling Headphones,purchase,69.0,0.0,1368.0,29.0,0.0,03-12-2023,,,,
Noise Cancelling Headphones,sale,1.0,5949.615875192988,3352.0,40.0,118.99231750385977,29-05-2023,,,,
Noise Cancelling Headphones,purchase,67.0,0.0,1480.0,136.0,0.0,05-01-2023,,,,
Gaming Monitor,sale,1.0,1966.1431861353628,1394.0,23.0,39.32286372270726,16-01-2023,,,,
Laptop Stand,sale,2.0,6391.6382189115375,4913.0,29.0,127.83276437823075,13-06-2023,,,,
Ethernet Adapter,purchase,44.0,0.0,3386.0,119.0,0.0,01-09-2023,,,,
Gaming Monitor,sale,2.0,7312.225706828925,4154.0,26.0,146.2445141365785,16-06-2023,,,,
Gaming Monitor,sale,3.0,2576.349139288459,2028.0,10.0,51.52698278576918,25-07-2023,,,,
External SSD,sale,2.0,1238.7154975964622,897.0,41.0,24.774309951929244,03-05-2023,,,,
Mechanical Keyboard,sale,1.0,6042.710419744485,4905.0,37.0,120.85420839488971,28-07-2023,,,,
Mechanical Keyboard,sale,1.0,6716.07746571262,4632.0,9.0,134.32154931425242,03-06-2023,,,,
USB-C Hub,sale,1.0,6460.445162571559,4771.0,24.0,129.2089032514312,04-11-2023,,,,
USB-C Hub,purchase,25.0,0.0,3929.0,52.0,0.0,08-09-2023,,,,
Mechanical Keyboard,sale,1.0,6922.583034579528,4922.0,33.0,138.45166069159058,06-05-2023,,,,
Webcam,sale,2.0,3529.8454273587354,2461.0,25.0,70.5969085471747,26-10-2023,,,,
Laptop Stand,purchase,19.0,0.0,4657.0,132.0,0.0,24-08-2023,,,,
Webcam,sale,1.0,4770.961679391082,3354.0,23.0,95.41923358782164,13-10-2023,,,,
Wireless Mouse,purchase,77.0,0.0,1574.0,16.0,0.0,05-11-2023,,,,
Noise Cancelling Headphones,purchase,99.0,0.0,1935.0,24.0,0.0,17-03-2023,,,,
Bluetooth Speaker,sale,1.0,6982.69951559695,4209.0,8.0,139.653990311939,19-02-2023,,,,
Laptop Stand,purchase,77.0,0.0,4929.0,24.0,0.0,30-10-2023,,,,
Noise Cancelling Headphones,purchase,44.0,0.0,2133.0,106.0,0.0,25-12-2023,,,,
Ethernet Adapter,sale,1.0,6792.630534064039,4654.0,48.0,135.8526106812808,23-10-2023,,,,
Wireless Mouse,sale,2.0,2797.378148084977,2321.0,38.0,55.94756296169954,08-05-2023,,,,
Laptop Stand,sale,3.0,2094.7235274828486,1391.0,12.0,41.89447054965697,31-08-2023,,,,
Noise Cancelling Headphones,sale,2.0,6449.407070432641,4903.0,22.0,128.98814140865284,19-06-2023,,,,
Webcam,sale,3.0,4071.4501549459105,2509.0,22.0,81.42900309891822,16-09-2023,,,,
Laptop Stand,sale,4.0,1144.638101613171,826.0,27.0,22.892762032263423,17-11-2023,,,,
Ethernet Adapter,sale,1.0,1685.5546238501297,1293.0,26.0,33.711092477002595,25-07-2023,,,,
Webcam,purchase,54.0,0.0,2747.0,118.0,0.0,19-03-2023,,,,
External SSD,sale,3.0,1454.193253567096,852.0,40.0,29.083865071341922,03-12-2023,,,,
Noise Cancelling Headphones,purchase,8.0,0.0,2240.0,134.0,0.0,06-08-2023,,,,
External SSD,purchase,40.0,0.0,1118.0,138.0,0.0,03-11-2023,,,,
Noise Cancelling Headphones,purchase,35.0,0.0,2878.0,116.0,0.0,13-07-2023,,,,
USB-C Hub,purchase,58.0,0.0,3255.0,87.0,0.0,31-01-2023,,,,
Webcam,sale,3.0,7769.509983156982,4880.0,31.0,155.39019966313964,01-01-2023,,,,
Gaming Monitor,purchase,95.0,0.0,4156.0,137.0,0.0,31-01-2023,,,,
Wireless Mouse,sale,3.0,1797.54737629233,1383.0,16.0,35.9509475258466,02-06-2023,,,,
Bluetooth Speaker,sale,4.0,2027.3092031804963,1244.0,42.0,40.54618406360993,31-07-2023,,,,
External SSD,purchase,79.0,0.0,4027.0,42.0,0.0,10-05-2023,,,,
Webcam,sale,2.0,1710.3971516990323,1180.0,10.0,34.20794303398065,12-08-2023,,,,
Noise Cancelling Headphones,sale,4.0,5417.193844853753,3117.0,39.0,108.34387689707506,02-07-2023,,,,
Bluetooth Speaker,sale,1.0,2680.5983931036517,2170.0,37.0,53.61196786207304,29-04-2023,,,,
Gaming Monitor,purchase,35.0,0.0,3058.0,17.0,0.0,11-11-2023,,,,
Gaming Monitor,sale,3.0,6996.543236078377,4729.0,7.0,139.93086472156753,12-03-2023,,,,
Noise Cancelling Headphones,purchase,48.0,0.0,2428.0,42.0,0.0,28-04-2023,,,,
Mechanical Keyboard,sale,1.0,4542.055616025245,3224.0,34.0,90.8411123205049,01-02-2023,,,,
Noise Cancelling Headphones,sale,1.0,5237.783595815629,4159.0,39.0,104.7556719163126,12-10-2023,,,,
Gaming Monitor,sale,4.0,981.687747482141,546.0,29.0,19.63375494964282,23-05-2023,,,,
Wireless Mouse,purchase,95.0,0.0,1347.0,136.0,0.0,29-01-2023,,,,
Ethernet Adapter,purchase,97.0,0.0,1384.0,130.0,0.0,19-04-2023,,,,
Gaming Monitor,purchase,31.0,0.0,1235.0,23.0,0.0,27-06-2023,,,,
Bluetooth Speaker,sale,2.0,3339.040914887113,2688.0,27.0,66.78081829774226,26-07-2023,,,,
Mechanical Keyboard,sale,4.0,7249.94633381142,4926.0,15.0,144.9989266762284,18-05-2023,,,,
Mechanical Keyboard,purchase,97.0,0.0,1884.0,61.0,0.0,21-01-2023,,,,
Bluetooth Speaker,purchase,65.0,0.0,3751.0,54.0,0.0,24-04-2023,,,,
Laptop Stand,sale,4.0,6655.131508542592,3997.0,40.0,133.10263017085185,22-04-2023,,,,
Bluetooth Speaker,sale,2.0,7410.562242405581,4315.0,8.0,148.21124484811162,16-07-2023,,,,
Webcam,sale,4.0,5457.608152810245,3985.0,43.0,109.1521630562049,03-05-2023,,,,
Ethernet Adapter,sale,4.0,3027.6269435460613,1823.0,44.0,60.552538870921225,19-06-2023,,,,
Gaming Monitor,sale,3.0,6481.17492488321,3813.0,18.0,129.6234984976642,26-09-2023,,,,
USB-C Hub,purchase,43.0,0.0,1338.0,83.0,0.0,06-02-2023,,,,
Ethernet Adapter,sale,4.0,1499.5141377601876,837.0,16.0,29.990282755203754,18-07-2023,,,,
Laptop Stand,purchase,94.0,0.0,4714.0,137.0,0.0,02-08-2023,,,,
Mechanical Keyboard,sale,1.0,3706.9974352496097,2172.0,33.0,74.1399487049922,10-09-2023,,,,
Gaming Monitor,sale,1.0,3853.995600144742,2791.0,9.0,77.07991200289484,26-06-2023,,,,
Webcam,purchase,43.0,0.0,1046.0,16.0,0.0,29-12-2023,,,,
Laptop Stand,sale,2.0,865.251026417649,719.0,11.0,17.30502052835298,01-06-2023,,,,
Ethernet Adapter,purchase,78.0,0.0,4565.0,24.0,0.0,02-04-2023,,,,
Bluetooth Speaker,sale,2.0,6330.488140525058,3790.0,37.0,126.60976281050117,19-07-2023,,,,
Bluetooth Speaker,purchase,9.0,0.0,3636.0,87.0,0.0,10-01-2023,,,,
Bluetooth Speaker,sale,3.0,1877.5723277822653,1171.0,27.0,37.551446555645306,28-08-2023,,,,
USB-C Hub,sale,2.0,7656.274502587615,4433.0,13.0,153.1254900517523,24-09-2023,,,,
Wireless Mouse,purchase,59.0,0.0,736.0,18.0,0.0,14-02-2023,,,,
Noise Cancelling Headphones,purchase,13.0,0.0,2050.0,112.0,0.0,03-09-2023,,,,
Ethernet Adapter,sale,2.0,6349.015025133619,4222.0,16.0,126.98030050267238,23-02-2023,,,,
Wireless Mouse,sale,1.0,5309.912279627512,4374.0,20.0,106.19824559255025,20-05-2023,,,,
USB-C Hub,sale,1.0,8137.083431196713,4610.0,43.0,162.74166862393426,28-04-2023,,,,
Gaming Monitor,sale,4.0,5778.743129062023,4345.0,28.0,115.57486258124047,22-05-2023,,,,
Ethernet Adapter,sale,2.0,6180.35557872345,3749.0,14.0,123.607111574469,10-08-2023,,,,
External SSD,sale,3.0,3896.362764762162,3133.0,33.0,77.92725529524324,26-12-2023,,,,
Laptop Stand,purchase,64.0,0.0,3240.0,44.0,0.0,16-01-2023,,,,
Ethernet Adapter,sale,3.0,1044.5609557438415,724.0,19.0,20.89121911487683,06-12-2023,,,,
External SSD,sale,2.0,774.1803051864626,551.0,11.0,15.483606103729253,19-12-2023,,,,
Ethernet Adapter,purchase,60.0,0.0,3436.0,146.0,0.0,18-06-2023,,,,
Ethernet Adapter,sale,4.0,1496.7658805521091,937.0,31.0,29.935317611042183,10-01-2023,,,,
Noise Cancelling Headphones,sale,1.0,2873.9118774131293,1634.0,11.0,57.47823754826259,21-05-2023,,,,
Gaming Monitor,sale,3.0,4121.259804193119,3321.0,16.0,82.42519608386237,22-12-2023,,,,
Laptop Stand,sale,1.0,1861.4998106533355,1458.0,40.0,37.22999621306671,23-02-2023,,,,
Webcam,sale,2.0,785.51916995111,593.0,13.0,15.7103833990222,25-04-2023,,,,
Gaming Monitor,purchase,22.0,0.0,4389.0,89.0,0.0,03-03-2023,,,,
External SSD,sale,3.0,738.4024362654823,558.0,19.0,14.768048725309646,08-08-2023,,,,
Gaming Monitor,sale,2.0,5106.19000018662,3676.0,34.0,102.1238000037324,15-02-2023,,,,
External SSD,purchase,72.0,0.0,3920.0,87.0,0.0,14-02-2023,,,,
Ethernet Adapter,sale,1.0,6731.336370379011,4407.0,20.0,134.62672740758023,29-04-2023,,,,
Mechanical Keyboard,purchase,48.0,0.0,2793.0,144.0,0.0,22-10-2023,,,,
External SSD,sale,1.0,5441.9604969961,3348.0,28.0,108.839209939922,04-05-2023,,,,
Laptop Stand,purchase,58.0,0.0,3866.0,144.0,0.0,03-09-2023,,,,
Ethernet Adapter,sale,4.0,1925.070179954157,1592.0,28.0,38.50140359908314,30-10-2023,,,,
USB-C Hub,sale,3.0,6438.288794044665,4264.0,15.0,128.7657758808933,08-04-2023,,,,
USB-C Hub,sale,3.0,5016.047181701734,2799.0,36.0,100.32094363403469,10-09-2023,,,,
Bluetooth Speaker,purchase,32.0,0.0,3644.0,135.0,0.0,23-04-2023,,,,
External SSD,sale,4.0,3375.917481152665,2599.0,47.0,67.5183496230533,20-04-2023,,,,
Webcam,sale,2.0,6149.791162595298,4603.0,41.0,122.99582325190597,02-06-2023,,,,
Noise Cancelling Headphones,purchase,24.0,0.0,841.0,123.0,0.0,16-09-2023,,,,
External SSD,purchase,20.0,0.0,3801.0,113.0,0.0,18-06-2023,,,,
Laptop Stand,sale,2.0,829.4699829184414,689.0,24.0,16.589399658368826,29-10-2023,,,,
Laptop Stand,purchase,44.0,0.0,2965.0,131.0,0.0,06-06-2023,,,,
Mechanical Keyboard,sale,1.0,8128.9057234457,4558.0,11.0,162.57811446891398,17-09-2023,,,,
External SSD,purchase,9.0,0.0,2076.0,122.0,0.0,12-06-2023,,,,
Wireless Mouse,sale,3.0,6147.862197320666,4974.0,29.0,122.95724394641333,03-03-2023,,,,
Noise Cancelling Headphones,sale,2.0,4809.441706037457,2983.0,10.0,96.18883412074915,27-12-2023,,,,
Noise Cancelling Headphones,sale,1.0,1786.9025262047426,1044.0,6.0,35.73805052409485,19-05-2023,,,,
Webcam,purchase,61.0,0.0,738.0,81.0,0.0,24-11-2023,,,,
Webcam,sale,3.0,2415.2547966048387,1701.0,45.0,48.305095932096776,16-10-2023,,,,
USB-C Hub,sale,4.0,7073.152698511844,4979.0,28.0,141.4630539702369,08-04-2023,,,,
Wireless Mouse,purchase,37.0,0.0,2393.0,144.0,0.0,26-06-2023,,,,
Laptop Stand,sale,4.0,2687.1212910301106,1825.0,28.0,53.742425820602215,23-08-2023,,,,
USB-C Hub,sale,4.0,6947.01807740495,4532.0,10.0,138.94036154809902,03-05-2023,,,,
Mechanical Keyboard,sale,2.0,4090.986433562231,3105.0,18.0,81.81972867124462,17-05-2023,,,,
Noise Cancelling Headphones,sale,1.0,5261.762809906178,3018.0,33.0,105.23525619812355,07-03-2023,,,,
Wireless Mouse,sale,1.0,3678.905081650242,2849.0,25.0,73.57810163300485,11-09-2023,,,,
Bluetooth Speaker,sale,3.0,6029.4519526586855,3845.0,37.0,120.5890390531737,01-07-2023,,,,
Gaming Monitor,sale,3.0,4935.181731394675,2954.0,19.0,98.7036346278935,29-01-2023,,,,
Wireless Mouse,sale,2.0,7470.646031088997,4349.0,38.0,149.41292062177993,22-10-2023,,,,
Laptop Stand,sale,2.0,3878.3789013863475,3174.0,16.0,77.56757802772695,24-01-2023,,,,
Ethernet Adapter,sale,3.0,1646.700154943461,1346.0,35.0,32.93400309886922,30-10-2023,,,,
USB-C Hub,sale,2.0,8530.715944326108,4909.0,48.0,170.61431888652217,19-02-2023,,,,
USB-C Hub,purchase,5.0,0.0,3467.0,137.0,0.0,18-02-2023,,,,
USB-C Hub,purchase,79.0,0.0,2908.0,37.0,0.0,09-11-2023,,,,
Noise Cancelling Headphones,purchase,92.0,0.0,3892.0,126.0,0.0,27-11-2023,,,,
Mechanical Keyboard,purchase,17.0,0.0,4647.0,108.0,0.0,12-10-2023,,,,
Gaming Monitor,sale,3.0,6281.196337879784,4346.0,23.0,125.62392675759567,19-11-2023,,,,
Webcam,sale,1.0,6308.968534501549,4750.0,33.0,126.17937069003098,27-04-2023,,,,
Wireless Mouse,sale,2.0,3276.62479642963,2427.0,17.0,65.5324959285926,02-02-2023,,,,
External SSD,sale,3.0,1200.606624786945,855.0,26.0,24.012132495738904,17-08-2023,,,,
USB-C Hub,sale,1.0,1476.4434513551666,998.0,25.0,29.528869027103333,25-04-2023,,,,
Wireless Mouse,sale,2.0,6626.884342870526,4498.0,17.0,132.5376868574105,29-08-2023,,,,
Ethernet Adapter,sale,1.0,5538.657909676065,3818.0,46.0,110.77315819352131,23-04-2023,,,,
Webcam,purchase,60.0,0.0,1748.0,147.0,0.0,14-06-2023,,,,
Ethernet Adapter,sale,3.0,5055.8954421567605,3745.0,38.0,101.11790884313521,01-01-2023,,,,
Noise Cancelling Headphones,sale,2.0,4482.7532703756215,3037.0,21.0,89.65506540751242,04-02-2023,,,,
Laptop Stand,purchase,25.0,0.0,704.0,24.0,0.0,30-04-2023,,,,
Laptop Stand,sale,1.0,1968.5128708730092,1571.0,23.0,39.37025741746019,04-06-2023,,,,
Wireless Mouse,sale,3.0,5926.560960522584,3359.0,23.0,118.53121921045168,29-05-2023,,,,
Mechanical Keyboard,sale,2.0,5793.064059430728,3713.0,26.0,115.86128118861456,28-05-2023,,,,
Webcam,sale,4.0,5751.671828294939,4481.0,22.0,115.03343656589878,02-10-2023,,,,
Ethernet Adapter,sale,2.0,850.6967382353059,674.0,15.0,17.013934764706118,22-12-2023,,,,
Noise Cancelling Headphones,sale,4.0,1107.203384045814,713.0,39.0,22.14406768091628,14-02-2023,,,,
Wireless Mouse,purchase,87.0,0.0,4619.0,32.0,0.0,16-06-2023,,,,
External SSD,purchase,68.0,0.0,3958.0,12.0,0.0,04-09-2023,,,,
External SSD,sale,3.0,1908.1307205627672,1226.0,33.0,38.16261441125535,07-10-2023,,,,
Mechanical Keyboard,sale,3.0,1417.9017109055178,794.0,32.0,28.358034218110358,04-07-2023,,,,
External SSD,sale,2.0,3234.667750207801,1850.0,36.0,64.69335500415602,21-01-2023,,,,
Webcam,purchase,23.0,0.0,2861.0,75.0,0.0,10-02-2023,,,,
External SSD,purchase,51.0,0.0,3646.0,13.0,0.0,19-03-2023,,,,
Webcam,sale,2.0,5180.2427689363985,4082.0,10.0,103.60485537872798,16-04-2023,,,,
Gaming Monitor,purchase,16.0,0.0,1107.0,27.0,0.0,14-10-2023,,,,
Gaming Monitor,sale,2.0,5209.532934716381,3524.0,49.0,104.19065869432761,22-11-2023,,,,
Wireless Mouse,sale,3.0,3499.475513662423,2395.0,35.0,69.98951027324846,10-09-2023,,,,
External SSD,sale,4.0,7994.127948318459,4539.0,45.0,159.88255896636917,25-04-2023,,,,
USB-C Hub,sale,2.0,3095.7342720410966,1729.0,5.0,61.914685440821934,23-12-2023,,,,
Gaming Monitor,sale,1.0,4976.483492127672,3186.0,8.0,99.52966984255345,09-12-2023,,,,
Webcam,sale,3.0,3194.21367968729,2471.0,12.0,63.8842735937458,11-05-2023,,,,
Laptop Stand,sale,3.0,5947.5235234930105,4459.0,23.0,118.9504704698602,13-05-2023,,,,
Bluetooth Speaker,purchase,8.0,0.0,1741.0,144.0,0.0,21-09-2023,,,,
External SSD,purchase,37.0,0.0,2339.0,50.0,0.0,16-04-2023,,,,
Gaming Monitor,sale,1.0,5890.599860906538,3623.0,15.0,117.81199721813077,18-04-2023,,,,
Bluetooth Speaker,sale,2.0,1461.2838285087867,1057.0,48.0,29.225676570175732,17-09-2023,,,,
Gaming Monitor,sale,2.0,5410.735497374966,3840.0,26.0,108.21470994749933,29-10-2023,,,,
Gaming Monitor,sale,2.0,7482.220281515546,4182.0,7.0,149.64440563031093,08-10-2023,,,,
Laptop Stand,sale,1.0,5782.905324578768,4500.0,15.0,115.65810649157537,28-12-2023,,,,
USB-C Hub,sale,3.0,3992.172497734962,2556.0,46.0,79.84344995469924,09-09-2023,,,,
Ethernet Adapter,purchase,11.0,0.0,4670.0,74.0,0.0,23-05-2023,,,,
External SSD,purchase,56.0,0.0,4710.0,62.0,0.0,02-10-2023,,,,
Webcam,sale,3.0,6170.177509435173,4354.0,13.0,123.40355018870346,24-09-2023,,,,
Gaming Monitor,sale,3.0,3386.439102734515,2366.0,46.0,67.7287820546903,02-02-2023,,,,
USB-C Hub,sale,3.0,6001.026393914852,3809.0,35.0,120.02052787829703,11-05-2023,,,,
External SSD,purchase,72.0,0.0,4581.0,129.0,0.0,14-08-2023,,,,
Mechanical Keyboard,sale,4.0,2005.769154054376,1458.0,21.0,40.11538308108752,24-03-2023,,,,
Noise Cancelling Headphones,sale,4.0,5468.887979941399,3618.0,18.0,109.37775959882798,08-01-2023,,,,
Mechanical Keyboard,sale,2.0,7719.587705799744,4896.0,30.0,154.39175411599487,21-05-2023,,,,
Mechanical Keyboard,purchase,93.0,0.0,1443.0,126.0,0.0,16-01-2023,,,,
Wireless Mouse,purchase,1.0,0.0,3013.0,38.0,0.0,07-04-2023,,,,
Bluetooth Speaker,purchase,77.0,0.0,2747.0,30.0,0.0,19-10-2023,,,,
Noise Cancelling Headphones,sale,4.0,6311.594917413442,4332.0,31.0,126.23189834826884,10-09-2023,,,,
Wireless Mouse,sale,4.0,3162.734660944129,2027.0,34.0,63.25469321888258,17-01-2023,,,,
Mechanical Keyboard,purchase,64.0,0.0,1653.0,112.0,0.0,25-08-2023,,,,
Mechanical Keyboard,sale,1.0,4479.185558338996,2683.0,9.0,89.58371116677992,29-01-2023,,,,
Mechanical Keyboard,purchase,55.0,0.0,4325.0,64.0,0.0,08-09-2023,,,,
Wireless Mouse,sale,1.0,1598.0294560029859,1209.0,9.0,31.96058912005972,20-03-2023,,,,
Noise Cancelling Headphones,sale,3.0,3118.3976067778685,1856.0,17.0,62.367952135557374,05-12-2023,,,,
External SSD,purchase,22.0,0.0,1287.0,106.0,0.0,17-04-2023,,,,
Laptop Stand,sale,4.0,1573.4418274143293,951.0,13.0,31.468836548286585,03-01-2023,,,,
USB-C Hub,sale,4.0,3682.9651977809485,2886.0,14.0,73.65930395561897,17-09-2023,,,,
Ethernet Adapter,sale,3.0,2243.3589860654824,1820.0,17.0,44.86717972130965,03-11-2023,,,,
Gaming Monitor,purchase,43.0,0.0,1879.0,88.0,0.0,11-04-2023,,,,
Gaming Monitor,sale,1.0,5080.154211976247,3533.0,22.0,101.60308423952495,16-02-2023,,,,
Mechanical Keyboard,sale,2.0,3415.7622360880227,2440.0,45.0,68.31524472176045,05-06-2023,,,,
Noise Cancelling Headphones,sale,4.0,1192.078677965519,938.0,18.0,23.841573559310383,21-10-2023,,,,
Wireless Mouse,sale,4.0,3889.9879716543114,2820.0,27.0,77.79975943308624,15-02-2023,,,,
Bluetooth Speaker,sale,1.0,1104.365638099498,772.0,43.0,22.08731276198996,28-01-2023,,,,
Mechanical Keyboard,sale,1.0,4610.405491058259,3173.0,24.0,92.20810982116518,26-08-2023,,,,
Laptop Stand,sale,3.0,4750.2851329134455,3634.0,36.0,95.00570265826892,01-10-2023,,,,
USB-C Hub,purchase,44.0,0.0,3803.0,113.0,0.0,12-12-2023,,,,
Bluetooth Speaker,purchase,28.0,0.0,896.0,125.0,0.0,01-08-2023,,,,
Laptop Stand,purchase,80.0,0.0,4756.0,112.0,0.0,14-07-2023,,,,
Gaming Monitor,sale,4.0,1075.2439215506063,770.0,34.0,21.504878431012127,02-09-2023,,,,
Mechanical Keyboard,sale,3.0,2886.7762805399734,2119.0,25.0,57.73552561079947,28-11-2023,,,,
Webcam,sale,1.0,3021.2187517123302,2415.0,12.0,60.42437503424661,27-11-2023,,,,
Noise Cancelling Headphones,sale,1.0,2252.384825651251,1683.0,8.0,45.04769651302502,04-04-2023,,,,
Mechanical Keyboard,purchase,33.0,0.0,2069.0,119.0,0.0,17-08-2023,,,,
Bluetooth Speaker,sale,1.0,6980.313198988021,4503.0,45.0,139.60626397976043,03-05-2023,,,,
Webcam,sale,2.0,2974.2973998573743,1695.0,14.0,59.48594799714749,01-09-2023,,,,
Webcam,sale,2.0,5938.30635571077,3786.0,19.0,118.7661271142154,03-08-2023,,,,
Bluetooth Speaker,sale,1.0,1132.5865880064996,782.0,46.0,22.65173176012999,14-10-2023,,,,
External SSD,sale,3.0,4573.491478622096,2982.0,42.0,91.46982957244192,15-07-2023,,,,
Webcam,sale,3.0,3225.95120906172,2034.0,27.0,64.5190241812344,19-09-2023,,,,
Laptop Stand,purchase,40.0,0.0,4998.0,80.0,0.0,16-09-2023,,,,
Mechanical Keyboard,purchase,59.0,0.0,3133.0,10.0,0.0,17-09-2023,,,,
Gaming Monitor,sale,2.0,4692.688018322913,3088.0,27.0,93.85376036645826,06-02-2023,,,,
Ethernet Adapter,sale,3.0,3091.438702007634,1744.0,47.0,61.82877404015269,13-04-2023,,,,
Bluetooth Speaker,purchase,65.0,0.0,3670.0,84.0,0.0,07-06-2023,,,,
Bluetooth Speaker,sale,4.0,5136.908896319063,3537.0,20.0,102.73817792638127,02-05-2023,,,,
Wireless Mouse,sale,3.0,1522.9110244372423,924.0,7.0,30.458220488744846,25-01-2023,,,,
Mechanical Keyboard,sale,1.0,2336.769209112563,1684.0,45.0,46.735384182251266,05-07-2023,,,,
Laptop Stand,purchase,60.0,0.0,4870.0,46.0,0.0,31-12-2023,,,,
Noise Cancelling Headphones,purchase,36.0,0.0,4625.0,90.0,0.0,08-06-2023,,,,
Laptop Stand,sale,3.0,8231.800609617532,4694.0,14.0,164.63601219235065,16-05-2023,,,,
Webcam,sale,2.0,1383.830466899184,1053.0,10.0,27.67660933798368,12-01-2023,,,,
USB-C Hub,sale,4.0,6067.228410691282,3549.0,17.0,121.34456821382564,26-02-2023,,,,
Wireless Mouse,sale,3.0,1031.3590915570787,654.0,20.0,20.627181831141574,23-08-2023,,,,
Laptop Stand,purchase,76.0,0.0,2204.0,42.0,0.0,26-09-2023,,,,
Noise Cancelling Headphones,purchase,28.0,0.0,3745.0,101.0,0.0,10-03-2023,,,,
USB-C Hub,sale,1.0,7530.207724820459,4548.0,35.0,150.60415449640917,19-07-2023,,,,
External SSD,sale,3.0,3889.531909194294,2728.0,20.0,77.79063818388587,26-01-2023,,,,
Noise Cancelling Headphones,sale,4.0,3874.0707975111486,2604.0,41.0,77.48141595022297,23-07-2023,,,,
Webcam,purchase,83.0,0.0,4580.0,29.0,0.0,12-08-2023,,,,
Ethernet Adapter,sale,1.0,1290.7599405570013,990.0,48.0,25.815198811140025,17-06-2023,,,,
Noise Cancelling Headphones,sale,2.0,1588.4157950030774,993.0,7.0,31.76831590006155,29-05-2023,,,,
Ethernet Adapter,purchase,19.0,0.0,2458.0,76.0,0.0,26-05-2023,,,,
Noise Cancelling Headphones,sale,2.0,1714.6634767673593,1287.0,26.0,34.293269535347186,08-01-2023,,,,
Bluetooth Speaker,purchase,40.0,0.0,3570.0,82.0,0.0,28-12-2023,,,,
USB-C Hub,purchase,6.0,0.0,3015.0,100.0,0.0,11-09-2023,,,,
Bluetooth Speaker,purchase,25.0,0.0,500.0,140.0,0.0,16-04-2023,,,,
External SSD,purchase,47.0,0.0,4270.0,139.0,0.0,22-12-2023,,,,
Noise Cancelling Headphones,sale,2.0,6897.912056980086,4540.0,45.0,137.95824113960174,27-11-2023,,,,
Webcam,purchase,42.0,0.0,4642.0,126.0,0.0,02-08-2023,,,,
Laptop Stand,sale,2.0,6843.402749327481,4093.0,39.0,136.86805498654962,16-07-2023,,,,
Bluetooth Speaker,sale,3.0,5047.616690220457,3589.0,6.0,100.95233380440914,25-05-2023,,,,
External SSD,purchase,20.0,0.0,2754.0,95.0,0.0,29-03-2023,,,,
Wireless Mouse,purchase,28.0,0.0,1959.0,67.0,0.0,13-06-2023,,,,
Wireless Mouse,sale,1.0,5847.633541956827,4157.0,44.0,116.95267083913654,16-11-2023,,,,
Wireless Mouse,purchase,50.0,0.0,2432.0,28.0,0.0,07-01-2023,,,,
Noise Cancelling Headphones,sale,3.0,7053.395786786409,4839.0,8.0,141.06791573572818,18-07-2023,,,,
Wireless Mouse,sale,4.0,2040.3735099441255,1276.0,45.0,40.80747019888251,13-12-2023,,,,
Laptop Stand,sale,2.0,6844.853996002009,4595.0,21.0,136.89707992004017,02-07-2023,,,,
Noise Cancelling Headphones,sale,2.0,3759.630761941359,2664.0,25.0,75.19261523882719,28-09-2023,,,,
Wireless Mouse,purchase,82.0,0.0,3968.0,85.0,0.0,27-02-2023,,,,
Webcam,sale,3.0,3203.971173658278,2226.0,13.0,64.07942347316556,01-08-2023,,,,
Mechanical Keyboard,sale,2.0,2585.173968475091,1973.0,34.0,51.70347936950182,08-01-2023,,,,
Ethernet Adapter,sale,4.0,5266.774788326926,3019.0,40.0,105.33549576653851,16-05-2023,,,,
Mechanical Keyboard,sale,2.0,2181.9638358237553,1777.0,12.0,43.63927671647511,29-11-2023,,,,
Bluetooth Speaker,sale,1.0,5087.176228705731,3774.0,11.0,101.74352457411462,08-07-2023,,,,
External SSD,sale,3.0,4753.810819080669,3131.0,46.0,95.07621638161338,07-03-2023,,,,
External SSD,purchase,82.0,0.0,3984.0,113.0,0.0,22-03-2023,,,,
Wireless Mouse,sale,1.0,8472.709792360403,4765.0,30.0,169.45419584720807,16-01-2023,,,,
Mechanical Keyboard,sale,3.0,3891.3692932500144,2470.0,26.0,77.8273858650003,19-01-2023,,,,
Webcam,purchase,35.0,0.0,2053.0,142.0,0.0,15-05-2023,,,,
External SSD,sale,4.0,1505.3328064742818,910.0,40.0,30.106656129485636,18-12-2023,,,,
Gaming Monitor,sale,4.0,5536.854124241433,4169.0,45.0,110.73708248482866,10-02-2023,,,,
Laptop Stand,sale,3.0,2107.099538268314,1723.0,34.0,42.14199076536628,16-10-2023,,,,
Wireless Mouse,sale,4.0,1721.500571925364,1392.0,19.0,34.43001143850728,06-09-2023,,,,
Mechanical Keyboard,sale,2.0,7519.22633529342,4202.0,46.0,150.3845267058684,18-05-2023,,,,
Ethernet Adapter,purchase,52.0,0.0,1369.0,142.0,0.0,30-10-2023,,,,
Gaming Monitor,sale,2.0,7404.757460083903,4468.0,40.0,148.09514920167808,11-03-2023,,,,
Noise Cancelling Headphones,sale,3.0,6557.050528452224,4340.0,42.0,131.14101056904448,11-12-2023,,,,
USB-C Hub,sale,2.0,5923.70148110971,3465.0,15.0,118.4740296221942,24-09-2023,,,,
Webcam,sale,4.0,1318.1385425171554,1041.0,12.0,26.36277085034311,14-12-2023,,,,
USB-C Hub,sale,3.0,861.9867078002155,574.0,36.0,17.23973415600431,10-11-2023,,,,
External SSD,purchase,56.0,0.0,1778.0,132.0,0.0,14-04-2023,,,,
Mechanical Keyboard,sale,1.0,5857.3360232428495,3377.0,36.0,117.146720464857,06-09-2023,,,,
Laptop Stand,sale,2.0,3708.188704345722,2979.0,14.0,74.16377408691444,15-04-2023,,,,
USB-C Hub,sale,4.0,4202.473998203405,3011.0,8.0,84.04947996406811,08-02-2023,,,,
Noise Cancelling Headphones,sale,4.0,4840.721852636065,3691.0,20.0,96.8144370527213,16-10-2023,,,,
External SSD,purchase,1.0,0.0,4901.0,10.0,0.0,03-12-2023,,,,
USB-C Hub,sale,1.0,8429.542070176727,4916.0,44.0,168.59084140353454,08-08-2023,,,,
Laptop Stand,sale,3.0,7578.30299801507,4891.0,42.0,151.5660599603014,03-11-2023,,,,
Webcam,sale,2.0,906.8384061456126,547.0,46.0,18.13676812291225,01-05-2023,,,,
Laptop Stand,purchase,14.0,0.0,1054.0,134.0,0.0,14-08-2023,,,,
Bluetooth Speaker,sale,3.0,3744.7408953444633,2440.0,17.0,74.89481790688927,02-12-2023,,,,
Webcam,sale,2.0,1860.5662942255392,1502.0,25.0,37.211325884510785,30-04-2023,,,,
External SSD,sale,2.0,2151.4144059573655,1753.0,34.0,43.02828811914731,10-12-2023,,,,
USB-C Hub,sale,4.0,1761.943535252311,1392.0,46.0,35.23887070504622,19-04-2023,,,,
Noise Cancelling Headphones,sale,4.0,2152.888946909007,1654.0,39.0,43.057778938180135,01-07-2023,,,,
External SSD,sale,3.0,7865.9685876265685,4481.0,32.0,157.31937175253137,13-04-2023,,,,
Noise Cancelling Headphones,sale,3.0,2065.65224855235,1419.0,11.0,41.313044971047006,29-10-2023,,,,
Mechanical Keyboard,sale,1.0,2402.874558572689,1443.0,48.0,48.057491171453776,27-04-2023,,,,
Noise Cancelling Headphones,sale,4.0,6189.9432783646025,3541.0,21.0,123.79886556729205,19-07-2023,,,,
Bluetooth Speaker,sale,4.0,2900.188916306737,1612.0,37.0,58.00377832613474,24-01-2023,,,,
USB-C Hub,sale,4.0,3712.771530696574,2681.0,42.0,74.25543061393148,01-12-2023,,,,
USB-C Hub,sale,4.0,1938.0888504116788,1455.0,47.0,38.76177700823358,28-04-2023,,,,
Mechanical Keyboard,purchase,78.0,0.0,2542.0,43.0,0.0,26-03-2023,,,,
Wireless Mouse,purchase,80.0,0.0,2593.0,43.0,0.0,29-11-2023,,,,
Laptop Stand,sale,1.0,4620.0305438304695,2592.0,19.0,92.40061087660939,20-08-2023,,,,
External SSD,sale,3.0,7338.872994362585,4491.0,13.0,146.7774598872517,04-03-2023,,,,
Laptop Stand,sale,2.0,5290.333203059567,3235.0,34.0,105.80666406119133,18-11-2023,,,,
Wireless Mouse,sale,3.0,5163.37333217071,2897.0,27.0,103.2674666434142,19-02-2023,,,,
Gaming Monitor,purchase,73.0,0.0,4262.0,111.0,0.0,22-06-2023,,,,
Ethernet Adapter,sale,4.0,3250.1755593569387,2314.0,7.0,65.00351118713877,05-09-2023,,,,
Wireless Mouse,sale,1.0,5123.240550385297,3820.0,30.0,102.46481100770595,27-08-2023,,,,
Bluetooth Speaker,sale,2.0,6001.644604843448,4342.0,40.0,120.03289209686896,19-02-2023,,,,
Gaming Monitor,sale,4.0,4913.244268160694,3360.0,36.0,98.26488536321389,08-12-2023,,,,
Mechanical Keyboard,sale,1.0,5299.2082623371625,4370.0,23.0,105.98416524674326,18-04-2023,,,,
Mechanical Keyboard,sale,3.0,5039.694643684566,3587.0,13.0,100.79389287369132,22-02-2023,,,,
USB-C Hub,sale,1.0,8140.150525212285,4696.0,33.0,162.80301050424572,15-06-2023,,,,
Noise Cancelling Headphones,purchase,16.0,0.0,3244.0,110.0,0.0,09-01-2023,,,,
External SSD,sale,2.0,1447.8662300063716,898.0,40.0,28.957324600127432,02-05-2023,,,,
Webcam,purchase,40.0,0.0,3395.0,100.0,0.0,15-11-2023,,,,
Bluetooth Speaker,purchase,15.0,0.0,951.0,140.0,0.0,21-10-2023,,,,
USB-C Hub,purchase,6.0,0.0,4832.0,95.0,0.0,08-02-2023,,,,
Noise Cancelling Headphones,sale,1.0,2434.259335631028,1597.0,9.0,48.68518671262056,11-11-2023,,,,
Ethernet Adapter,sale,4.0,2867.565015607511,1668.0,10.0,57.35130031215022,25-08-2023,,,,
Noise Cancelling Headphones,purchase,15.0,0.0,1107.0,65.0,0.0,30-04-2023,,,,
Noise Cancelling Headphones,sale,4.0,6341.41037254844,4322.0,13.0,126.8282074509688,13-08-2023,,,,
External SSD,sale,1.0,3593.97200055779,2747.0,14.0,71.87944001115581,07-03-2023,,,,
Bluetooth Speaker,sale,1.0,6364.375590975833,4714.0,47.0,127.28751181951667,28-08-2023,,,,
Gaming Monitor,sale,4.0,2932.961967569548,2290.0,44.0,58.659239351390966,04-08-2023,,,,
Laptop Stand,sale,3.0,1841.1613492393783,1159.0,47.0,36.82322698478757,11-08-2023,,,,
Webcam,purchase,91.0,0.0,1052.0,135.0,0.0,21-05-2023,,,,
Laptop Stand,purchase,72.0,0.0,3662.0,128.0,0.0,19-02-2023,,,,
Wireless Mouse,sale,1.0,5538.124780815892,4297.0,45.0,110.76249561631785,29-01-2023,,,,
Wireless Mouse,purchase,6.0,0.0,4662.0,14.0,0.0,02-11-2023,,,,
Ethernet Adapter,sale,3.0,7311.646198317185,4839.0,36.0,146.2329239663437,29-08-2023,,,,
USB-C Hub,sale,3.0,2118.293694176414,1429.0,32.0,42.36587388352829,01-10-2023,,,,
USB-C Hub,purchase,65.0,0.0,1982.0,104.0,0.0,25-04-2023,,,,
Noise Cancelling Headphones,sale,1.0,3082.4928416128814,1939.0,23.0,61.64985683225763,21-09-2023,,,,
External SSD,sale,2.0,1772.0067081984923,1216.0,16.0,35.440134163969844,15-05-2023,,,,
Noise Cancelling Headphones,purchase,75.0,0.0,3671.0,29.0,0.0,31-10-2023,,,,
Laptop Stand,purchase,85.0,0.0,4487.0,50.0,0.0,11-06-2023,,,,
Noise Cancelling Headphones,sale,3.0,8234.190484775916,4752.0,34.0,164.68380969551833,14-01-2023,,,,
External SSD,sale,4.0,4026.41795419859,3216.0,13.0,80.52835908397181,12-04-2023,,,,
Ethernet Adapter,sale,4.0,2792.768273693737,2029.0,21.0,55.855365473874734,16-02-2023,,,,
External SSD,purchase,14.0,0.0,671.0,137.0,0.0,03-08-2023,,,,
Wireless Mouse,sale,4.0,1680.9947147994862,1223.0,18.0,33.619894295989724,27-05-2023,,,,
USB-C Hub,purchase,51.0,0.0,2701.0,106.0,0.0,09-03-2023,,,,
External SSD,sale,2.0,1893.6255254230705,1317.0,13.0,37.87251050846141,31-10-2023,,,,
Bluetooth Speaker,sale,4.0,791.3002889738541,517.0,26.0,15.826005779477082,18-07-2023,,,,
USB-C Hub,sale,2.0,5942.520631509464,3906.0,35.0,118.85041263018928,11-08-2023,,,,
Noise Cancelling Headphones,sale,3.0,996.2787359456192,566.0,32.0,19.925574718912387,14-06-2023,,,,
Laptop Stand,sale,1.0,3661.4105816080496,2329.0,45.0,73.22821163216099,04-08-2023,,,,
USB-C Hub,sale,1.0,5437.165394535158,4073.0,48.0,108.74330789070316,07-02-2023,,,,
Noise Cancelling Headphones,purchase,22.0,0.0,1721.0,14.0,0.0,31-10-2023,,,,
Mechanical Keyboard,sale,1.0,2833.7741773510857,2261.0,30.0,56.67548354702171,05-09-2023,,,,
Wireless Mouse,sale,2.0,3269.2784234930004,2624.0,30.0,65.38556846986,22-06-2023,,,,
Noise Cancelling Headphones,sale,2.0,6029.311198229711,3915.0,16.0,120.58622396459423,30-01-2023,,,,
Ethernet Adapter,sale,4.0,6565.327215813916,4103.0,15.0,131.30654431627832,09-04-2023,,,,
External SSD,sale,4.0,1766.5462330645496,1375.0,24.0,35.33092466129099,18-06-2023,,,,
Noise Cancelling Headphones,sale,3.0,3655.1663767715936,2556.0,44.0,73.10332753543187,16-06-2023,,,,
Mechanical Keyboard,sale,3.0,5652.951653937535,3854.0,34.0,113.05903307875072,29-10-2023,,,,
USB-C Hub,purchase,52.0,0.0,3490.0,76.0,0.0,20-07-2023,,,,
Webcam,sale,2.0,7178.404478310239,4494.0,32.0,143.56808956620478,04-09-2023,,,,
USB-C Hub,sale,1.0,3266.2883249954825,2593.0,40.0,65.32576649990965,08-08-2023,,,,
Ethernet Adapter,purchase,46.0,0.0,4893.0,87.0,0.0,12-02-2023,,,,
Wireless Mouse,purchase,21.0,0.0,1046.0,80.0,0.0,29-11-2023,,,,
Gaming Monitor,sale,2.0,4518.12707727193,2734.0,13.0,90.3625415454386,15-01-2023,,,,
Mechanical Keyboard,sale,3.0,5911.709974969244,3696.0,45.0,118.23419949938489,07-03-2023,,,,
External SSD,sale,1.0,3165.813535348856,2204.0,19.0,63.31627070697712,18-03-2023,,,,
Bluetooth Speaker,purchase,72.0,0.0,715.0,67.0,0.0,24-02-2023,,,,
Mechanical Keyboard,purchase,71.0,0.0,751.0,106.0,0.0,22-12-2023,,,,
Laptop Stand,sale,2.0,3759.649215759195,2630.0,10.0,75.1929843151839,26-10-2023,,,,
Noise Cancelling Headphones,purchase,99.0,0.0,1526.0,111.0,0.0,08-10-2023,,,,
USB-C Hub,sale,1.0,1608.518053624002,1184.0,39.0,32.17036107248004,28-11-2023,,,,
Bluetooth Speaker,sale,2.0,6020.604896428786,4671.0,15.0,120.41209792857572,28-12-2023,,,,
USB-C Hub,purchase,32.0,0.0,1313.0,39.0,0.0,08-09-2023,,,,
Webcam,purchase,33.0,0.0,3045.0,110.0,0.0,06-08-2023,,,,
Webcam,sale,3.0,8627.875162942802,4879.0,41.0,172.55750325885606,23-05-2023,,,,
External SSD,sale,2.0,2115.739120037656,1524.0,16.0,42.314782400753124,25-01-2023,,,,
USB-C Hub,sale,2.0,6312.95840299816,4062.0,30.0,126.2591680599632,29-01-2023,,,,
Laptop Stand,sale,1.0,3409.083400157764,2249.0,31.0,68.18166800315528,04-03-2023,,,,
External SSD,purchase,39.0,0.0,3458.0,108.0,0.0,06-11-2023,,,,
Noise Cancelling Headphones,purchase,38.0,0.0,1736.0,111.0,0.0,12-10-2023,,,,
Mechanical Keyboard,sale,4.0,2959.7335262428783,2070.0,31.0,59.194670524857564,26-09-2023,,,,
Laptop Stand,sale,4.0,4568.982128545508,2711.0,47.0,91.37964257091016,26-02-2023,,,,
USB-C Hub,purchase,8.0,0.0,4778.0,75.0,0.0,23-05-2023,,,,
Laptop Stand,sale,4.0,1966.1225121986124,1272.0,20.0,39.32245024397225,14-12-2023,,,,
Mechanical Keyboard,sale,4.0,2173.992569007181,1263.0,7.0,43.47985138014362,17-03-2023,,,,
External SSD,sale,2.0,3907.9677631380923,2202.0,8.0,78.15935526276185,21-10-2023,,,,
Gaming Monitor,purchase,22.0,0.0,4658.0,47.0,0.0,16-11-2023,,,,
Gaming Monitor,sale,1.0,4169.963113442741,2374.0,39.0,83.39926226885483,16-11-2023,,,,
Mechanical Keyboard,sale,3.0,8149.781940796522,4652.0,10.0,162.99563881593045,07-06-2023,,,,
Mechanical Keyboard,sale,1.0,1930.0328061122855,1545.0,37.0,38.60065612224571,16-04-2023,,,,
Mechanical Keyboard,sale,4.0,4684.6465922534235,3236.0,42.0,93.69293184506847,08-02-2023,,,,
Gaming Monitor,sale,1.0,5827.2192254564425,3936.0,26.0,116.54438450912885,18-04-2023,,,,
Webcam,sale,1.0,3479.6923687112876,2392.0,13.0,69.59384737422576,31-12-2023,,,,
Ethernet Adapter,sale,3.0,850.4627400113449,584.0,36.0,17.0092548002269,17-11-2023,,,,
Gaming Monitor,purchase,35.0,0.0,3556.0,17.0,0.0,26-12-2023,,,,
External SSD,sale,2.0,2856.563451879888,1983.0,39.0,57.13126903759776,17-03-2023,,,,
Bluetooth Speaker,sale,3.0,5906.531125158478,4068.0,39.0,118.13062250316956,03-05-2023,,,,
Gaming Monitor,purchase,75.0,0.0,4503.0,91.0,0.0,17-07-2023,,,,
External SSD,sale,2.0,5577.372878176001,3888.0,6.0,111.54745756352003,05-02-2023,,,,
Wireless Mouse,sale,4.0,636.3202789550805,505.0,16.0,12.72640557910161,10-12-2023,,,,
Bluetooth Speaker,purchase,63.0,0.0,2622.0,84.0,0.0,14-01-2023,,,,
Wireless Mouse,purchase,74.0,0.0,2307.0,63.0,0.0,08-11-2023,,,,
Bluetooth Speaker,purchase,55.0,0.0,4588.0,92.0,0.0,24-01-2023,,,,
Webcam,sale,3.0,1744.2703674425725,1036.0,46.0,34.88540734885145,07-11-2023,,,,
External SSD,purchase,64.0,0.0,518.0,20.0,0.0,27-01-2023,,,,
Ethernet Adapter,sale,3.0,4371.055008571179,2437.0,44.0,87.42110017142359,30-08-2023,,,,
Webcam,purchase,25.0,0.0,668.0,41.0,0.0,01-04-2023,,,,
USB-C Hub,sale,1.0,6795.649172691162,4063.0,8.0,135.91298345382324,07-03-2023,,,,
Laptop Stand,sale,1.0,3414.1695666916503,2274.0,41.0,68.28339133383301,26-05-2023,,,,
Noise Cancelling Headphones,sale,1.0,4870.674193602606,2735.0,45.0,97.41348387205211,25-12-2023,,,,
Webcam,purchase,78.0,0.0,4498.0,98.0,0.0,15-03-2023,,,,
Wireless Mouse,sale,3.0,5652.348704803934,4252.0,43.0,113.04697409607869,08-01-2023,,,,
Gaming Monitor,purchase,4.0,0.0,2163.0,33.0,0.0,14-09-2023,,,,
Laptop Stand,sale,4.0,5257.721767667072,3639.0,5.0,105.15443535334144,25-10-2023,,,,
Webcam,purchase,3.0,0.0,3127.0,28.0,0.0,15-01-2023,,,,
USB-C Hub,sale,1.0,4303.895796713267,2920.0,29.0,86.07791593426535,01-07-2023,,,,
Bluetooth Speaker,purchase,91.0,0.0,4901.0,127.0,0.0,10-05-2023,,,,
Noise Cancelling Headphones,purchase,29.0,0.0,1915.0,50.0,0.0,07-12-2023,,,,
Gaming Monitor,sale,2.0,2837.1270713978042,2217.0,15.0,56.742541427956084,23-10-2023,,,,
USB-C Hub,sale,1.0,2272.467829393964,1302.0,15.0,45.44935658787929,14-06-2023,,,,
Laptop Stand,sale,1.0,6739.043570481237,4871.0,25.0,134.78087140962475,23-10-2023,,,,
Wireless Mouse,purchase,26.0,0.0,2969.0,20.0,0.0,12-12-2023,,,,
Laptop Stand,sale,3.0,3000.8763393949043,1801.0,9.0,60.017526787898085,17-11-2023,,,,
Webcam,purchase,47.0,0.0,3259.0,130.0,0.0,03-02-2023,,,,
Ethernet Adapter,sale,2.0,1922.7546042505248,1237.0,19.0,38.4550920850105,23-03-2023,,,,
Mechanical Keyboard,sale,2.0,2036.67907799783,1663.0,33.0,40.733581559956605,26-11-2023,,,,
USB-C Hub,sale,1.0,2973.4246066573805,2162.0,36.0,59.46849213314761,04-02-2023,,,,
Mechanical Keyboard,sale,1.0,5430.877490881439,4253.0,38.0,108.61754981762878,21-03-2023,,,,
Webcam,sale,2.0,7177.259867464717,4442.0,43.0,143.54519734929434,14-08-2023,,,,
Webcam,purchase,1.0,0.0,4781.0,56.0,0.0,30-05-2023,,,,
Bluetooth Speaker,sale,3.0,1318.5229571153416,749.0,27.0,26.37045914230683,29-07-2023,,,,
Ethernet Adapter,sale,2.0,7607.0377624862895,4971.0,35.0,152.1407552497258,18-03-2023,,,,
Bluetooth Speaker,sale,2.0,930.8582845431467,654.0,10.0,18.617165690862937,13-09-2023,,,,
Mechanical Keyboard,purchase,56.0,0.0,4102.0,34.0,0.0,29-07-2023,,,,
Ethernet Adapter,sale,4.0,7032.176896348103,3965.0,29.0,140.64353792696207,16-04-2023,,,,
Webcam,sale,2.0,1872.6358954077505,1051.0,9.0,37.45271790815501,28-07-2023,,,,
Bluetooth Speaker,sale,1.0,1275.7474197080028,783.0,46.0,25.514948394160058,14-05-2023,,,,
Mechanical Keyboard,purchase,25.0,0.0,4536.0,12.0,0.0,13-03-2023,,,,
External SSD,sale,2.0,2144.756652156917,1331.0,19.0,42.89513304313834,06-10-2023,,,,
Wireless Mouse,sale,3.0,1733.3525489106798,1027.0,40.0,34.667050978213595,07-03-2023,,,,
Noise Cancelling Headphones,purchase,83.0,0.0,1143.0,72.0,0.0,17-09-2023,,,,
USB-C Hub,purchase,57.0,0.0,3585.0,109.0,0.0,03-10-2023,,,,
Noise Cancelling Headphones,sale,3.0,5164.366067567155,2909.0,7.0,103.28732135134311,24-08-2023,,,,
Laptop Stand,purchase,24.0,0.0,1860.0,130.0,0.0,24-01-2023,,,,
USB-C Hub,sale,1.0,5645.390073027266,3737.0,23.0,112.90780146054533,14-11-2023,,,,
Ethernet Adapter,purchase,46.0,0.0,4548.0,132.0,0.0,14-03-2023,,,,
Ethernet Adapter,sale,4.0,5764.837842772411,3930.0,6.0,115.29675685544822,09-07-2023,,,,
Gaming Monitor,purchase,21.0,0.0,4734.0,18.0,0.0,13-01-2023,,,,
Laptop Stand,sale,1.0,832.6252380705539,654.0,18.0,16.652504761411077,17-10-2023,,,,
External SSD,sale,1.0,4319.846727783486,2526.0,45.0,86.39693455566973,23-12-2023,,,,
Gaming Monitor,sale,3.0,3827.4784123754657,2600.0,8.0,76.54956824750931,24-01-2023,,,,
Mechanical Keyboard,purchase,84.0,0.0,1564.0,100.0,0.0,03-06-2023,,,,
Gaming Monitor,purchase,3.0,0.0,4972.0,68.0,0.0,26-05-2023,,,,
External SSD,sale,2.0,1306.233620062508,1075.0,22.0,26.12467240125016,31-12-2023,,,,
Bluetooth Speaker,sale,2.0,6680.631914752619,4877.0,5.0,133.6126382950524,09-09-2023,,,,
Noise Cancelling Headphones,sale,3.0,5308.607018870729,3492.0,27.0,106.17214037741458,21-09-2023,,,,
Mechanical Keyboard,sale,3.0,6903.970153375713,4411.0,19.0,138.07940306751428,18-02-2023,,,,
Webcam,sale,3.0,3652.75330367539,2862.0,18.0,73.0550660735078,12-12-2023,,,,
Bluetooth Speaker,sale,1.0,2626.3254826464554,1972.0,10.0,52.52650965292911,02-04-2023,,,,
Wireless Mouse,sale,4.0,3927.9266701041843,2293.0,8.0,78.55853340208368,06-07-2023,,,,
External SSD,sale,4.0,4963.69534477909,2796.0,22.0,99.2739068955818,22-09-2023,,,,
Noise Cancelling Headphones,sale,2.0,3727.1369226780316,2840.0,16.0,74.54273845356063,16-05-2023,,,,
Gaming Monitor,sale,3.0,2944.9417473909134,2237.0,22.0,58.89883494781827,20-02-2023,,,,
Bluetooth Speaker,sale,3.0,6740.513194738208,4786.0,39.0,134.81026389476415,17-08-2023,,,,
Wireless Mouse,sale,4.0,1114.6456690789144,771.0,33.0,22.292913381578288,18-01-2023,,,,
External SSD,sale,2.0,1190.597538550623,880.0,49.0,23.811950771012462,13-08-2023,,,,
Ethernet Adapter,purchase,30.0,0.0,1564.0,149.0,0.0,27-01-2023,,,,
Mechanical Keyboard,purchase,63.0,0.0,2342.0,66.0,0.0,12-03-2023,,,,
Mechanical Keyboard,sale,3.0,4215.749881513094,2429.0,44.0,84.31499763026189,27-07-2023,,,,
Mechanical Keyboard,sale,1.0,4069.0944762025697,2336.0,7.0,81.3818895240514,26-11-2023,,,,
Noise Cancelling Headphones,purchase,43.0,0.0,1596.0,139.0,0.0,04-06-2023,,,,
Noise Cancelling Headphones,sale,2.0,2821.10232719726,1782.0,12.0,56.4220465439452,03-04-2023,,,,
Webcam,purchase,8.0,0.0,527.0,14.0,0.0,16-10-2023,,,,
Noise Cancelling Headphones,purchase,42.0,0.0,3526.0,51.0,0.0,14-07-2023,,,,
Webcam,sale,3.0,841.4995833970471,626.0,31.0,16.82999166794094,07-08-2023,,,,
Noise Cancelling Headphones,sale,4.0,997.5964722049624,779.0,44.0,19.95192944409925,14-08-2023,,,,
Mechanical Keyboard,sale,3.0,4251.1061136837925,2614.0,48.0,85.02212227367585,01-03-2023,,,,
Webcam,sale,3.0,1913.5960008685404,1073.0,15.0,38.27192001737081,06-01-2023,,,,
USB-C Hub,purchase,95.0,0.0,1740.0,58.0,0.0,04-01-2023,,,,
Wireless Mouse,purchase,22.0,0.0,4651.0,49.0,0.0,16-04-2023,,,,
Mechanical Keyboard,sale,1.0,6557.3975335603145,4416.0,28.0,131.1479506712063,24-10-2023,,,,
Bluetooth Speaker,purchase,57.0,0.0,2065.0,35.0,0.0,12-08-2023,,,,
Noise Cancelling Headphones,sale,2.0,7577.672120805267,4317.0,11.0,151.55344241610533,25-12-2023,,,,
Noise Cancelling Headphones,sale,2.0,6434.683216042591,3607.0,14.0,128.69366432085184,27-09-2023,,,,
USB-C Hub,sale,4.0,5175.93930045421,2982.0,16.0,103.5187860090842,16-11-2023,,,,
Bluetooth Speaker,sale,1.0,3263.155583901677,2047.0,18.0,65.26311167803354,22-05-2023,,,,
Laptop Stand,sale,2.0,2410.0620718217497,1973.0,5.0,48.201241436435,02-05-2023,,,,
Ethernet Adapter,purchase,98.0,0.0,4574.0,115.0,0.0,28-09-2023,,,,
Laptop Stand,sale,2.0,6300.3375964294155,4463.0,36.0,126.00675192858832,13-01-2023,,,,
Gaming Monitor,sale,2.0,2976.702359437635,1657.0,44.0,59.5340471887527,12-12-2023,,,,
Webcam,sale,2.0,2165.9015660685454,1471.0,49.0,43.31803132137091,04-12-2023,,,,
External SSD,sale,2.0,1455.8039691601175,1005.0,49.0,29.11607938320235,29-01-2023,,,,
Webcam,purchase,8.0,0.0,793.0,43.0,0.0,18-02-2023,,,,
External SSD,purchase,47.0,0.0,1514.0,24.0,0.0,05-03-2023,,,,
External SSD,purchase,64.0,0.0,875.0,57.0,0.0,04-05-2023,,,,
Gaming Monitor,sale,1.0,7316.29744668429,4960.0,43.0,146.3259489336858,15-04-2023,,,,
Mechanical Keyboard,sale,2.0,5293.985342930695,3401.0,20.0,105.8797068586139,03-07-2023,,,,
Laptop Stand,sale,3.0,3851.9574517702695,2745.0,42.0,77.03914903540539,07-06-2023,,,,
Webcam,sale,3.0,771.693858615579,508.0,16.0,15.433877172311579,18-10-2023,,,,
Webcam,sale,4.0,3383.4316855227735,2154.0,9.0,67.66863371045547,26-05-2023,,,,
Wireless Mouse,sale,3.0,1492.8704380213326,911.0,43.0,29.85740876042665,14-04-2023,,,,
Noise Cancelling Headphones,sale,1.0,1383.4410510147152,1129.0,27.0,27.668821020294303,16-07-2023,,,,
Noise Cancelling Headphones,purchase,78.0,0.0,1299.0,118.0,0.0,20-10-2023,,,,
Bluetooth Speaker,sale,4.0,1356.162675414614,835.0,32.0,27.12325350829228,11-07-2023,,,,
Webcam,sale,1.0,1336.4651995913591,753.0,32.0,26.729303991827184,24-09-2023,,,,
Wireless Mouse,sale,4.0,4303.064116176002,2779.0,41.0,86.06128232352005,07-10-2023,,,,
Ethernet Adapter,sale,3.0,1436.1382398208054,1167.0,12.0,28.722764796416108,21-03-2023,,,,
External SSD,purchase,95.0,0.0,4636.0,137.0,0.0,07-05-2023,,,,
Noise Cancelling Headphones,sale,1.0,4469.364359433221,3491.0,11.0,89.38728718866442,17-07-2023,,,,
Webcam,sale,1.0,8425.99624759972,4755.0,21.0,168.5199249519944,28-08-2023,,,,
Noise Cancelling Headphones,sale,2.0,2405.938251680561,1625.0,25.0,48.11876503361122,10-05-2023,,,,
Webcam,sale,1.0,8309.161605766676,4756.0,48.0,166.18323211533354,13-02-2023,,,,
Gaming Monitor,sale,4.0,3621.5123418669964,2942.0,15.0,72.43024683733994,04-05-2023,,,,
Bluetooth Speaker,purchase,47.0,0.0,936.0,88.0,0.0,08-06-2023,,,,
Ethernet Adapter,sale,3.0,1348.6488907686694,775.0,5.0,26.972977815373387,24-10-2023,,,,
Noise Cancelling Headphones,sale,1.0,6904.265568222411,4154.0,16.0,138.08531136444822,23-04-2023,,,,
Ethernet Adapter,sale,2.0,2094.817021461183,1302.0,38.0,41.896340429223656,06-04-2023,,,,
USB-C Hub,sale,2.0,7215.280170779852,4863.0,13.0,144.30560341559703,06-10-2023,,,,
Laptop Stand,sale,3.0,5914.6764819250075,3727.0,25.0,118.29352963850015,21-11-2023,,,,
USB-C Hub,sale,2.0,1345.3503701572536,1104.0,17.0,26.907007403145073,01-07-2023,,,,
Wireless Mouse,sale,3.0,7422.458521540438,4932.0,18.0,148.44917043080875,18-07-2023,,,,
Wireless Mouse,purchase,49.0,0.0,2017.0,23.0,0.0,22-10-2023,,,,
Webcam,sale,4.0,4030.7789456617443,2521.0,10.0,80.61557891323488,13-10-2023,,,,
Laptop Stand,sale,1.0,7915.9935949664,4911.0,14.0,158.319871899328,11-08-2023,,,,
Mechanical Keyboard,purchase,64.0,0.0,2388.0,120.0,0.0,06-03-2023,,,,
Mechanical Keyboard,sale,1.0,6183.639997585008,4928.0,41.0,123.67279995170017,16-08-2023,,,,
Mechanical Keyboard,purchase,57.0,0.0,3768.0,82.0,0.0,17-04-2023,,,,
Webcam,purchase,95.0,0.0,3778.0,65.0,0.0,21-04-2023,,,,
Ethernet Adapter,sale,2.0,5637.829507954644,3201.0,33.0,112.75659015909288,06-10-2023,,,,
Wireless Mouse,sale,2.0,6310.454370064753,4809.0,20.0,126.20908740129506,25-07-2023,,,,
Wireless Mouse,purchase,2.0,0.0,3995.0,121.0,0.0,03-09-2023,,,,
Laptop Stand,sale,4.0,2870.304120899762,2073.0,26.0,57.40608241799524,10-08-2023,,,,
Ethernet Adapter,purchase,30.0,0.0,4260.0,36.0,0.0,04-01-2023,,,,
Webcam,purchase,77.0,0.0,4931.0,105.0,0.0,28-08-2023,,,,
USB-C Hub,sale,4.0,5801.69929375036,4779.0,36.0,116.0339858750072,10-02-2023,,,,
Bluetooth Speaker,purchase,76.0,0.0,3213.0,89.0,0.0,31-12-2023,,,,
Webcam,purchase,90.0,0.0,1876.0,37.0,0.0,03-09-2023,,,,
Ethernet Adapter,sale,1.0,2416.8160768331586,1835.0,7.0,48.33632153666317,08-11-2023,,,,
Ethernet Adapter,sale,4.0,6915.339983916361,4053.0,17.0,138.30679967832722,16-07-2023,,,,
Ethernet Adapter,sale,4.0,1403.4071404706463,1100.0,7.0,28.068142809412926,14-11-2023,,,,
Wireless Mouse,sale,2.0,4247.361553062906,3008.0,20.0,84.94723106125812,28-01-2023,,,,
USB-C Hub,sale,2.0,6622.785222021769,3957.0,49.0,132.4557044404354,02-04-2023,,,,
Wireless Mouse,sale,1.0,6175.158391007328,4523.0,49.0,123.50316782014656,04-02-2023,,,,
Noise Cancelling Headphones,sale,4.0,4655.293956870847,2867.0,10.0,93.10587913741695,16-02-2023,,,,
Wireless Mouse,sale,2.0,5053.468614036961,3216.0,31.0,101.06937228073923,22-12-2023,,,,
Wireless Mouse,purchase,36.0,0.0,3136.0,23.0,0.0,30-04-2023,,,,
Mechanical Keyboard,purchase,92.0,0.0,762.0,22.0,0.0,29-07-2023,,,,
Bluetooth Speaker,sale,2.0,7441.377554077621,4171.0,25.0,148.82755108155243,18-03-2023,,,,
Webcam,purchase,48.0,0.0,3777.0,133.0,0.0,08-02-2023,,,,
Bluetooth Speaker,sale,4.0,1962.2123424201354,1390.0,14.0,39.24424684840271,12-05-2023,,,,
Wireless Mouse,sale,1.0,5539.455532919971,4449.0,34.0,110.78911065839942,23-06-2023,,,,
External SSD,sale,4.0,2043.503214162585,1549.0,35.0,40.8700642832517,15-09-2023,,,,
Laptop Stand,sale,2.0,1349.4246256704043,882.0,30.0,26.988492513408087,05-04-2023,,,,
Noise Cancelling Headphones,sale,3.0,2415.528856648779,1957.0,13.0,48.31057713297558,15-12-2023,,,,
Gaming Monitor,purchase,3.0,0.0,516.0,56.0,0.0,24-03-2023,,,,
Mechanical Keyboard,sale,3.0,3858.4730630736426,3141.0,36.0,77.16946126147285,20-06-2023,,,,
Bluetooth Speaker,purchase,37.0,0.0,1026.0,20.0,0.0,07-11-2023,,,,
Wireless Mouse,sale,1.0,5368.312596756986,3904.0,22.0,107.36625193513972,22-02-2023,,,,
External SSD,sale,2.0,5120.620034098565,4071.0,9.0,102.4124006819713,30-08-2023,,,,
USB-C Hub,sale,3.0,2306.249816126447,1617.0,19.0,46.12499632252894,13-08-2023,,,,
Bluetooth Speaker,sale,4.0,1279.0046202201634,937.0,31.0,25.580092404403267,13-08-2023,,,,
Ethernet Adapter,sale,1.0,5956.525956852116,3708.0,21.0,119.13051913704233,14-05-2023,,,,
USB-C Hub,purchase,51.0,0.0,4249.0,75.0,0.0,06-07-2023,,,,
Ethernet Adapter,sale,3.0,1680.2987999530937,1271.0,9.0,33.605975999061876,17-06-2023,,,,
Webcam,sale,2.0,5134.933371419138,4170.0,36.0,102.69866742838276,11-10-2023,,,,
External SSD,purchase,69.0,0.0,566.0,56.0,0.0,15-05-2023,,,,
Bluetooth Speaker,sale,4.0,5329.965230301776,4296.0,11.0,106.59930460603552,24-01-2023,,,,
Wireless Mouse,sale,2.0,7487.626646206577,4408.0,8.0,149.75253292413154,28-11-2023,,,,
Ethernet Adapter,sale,2.0,1042.4119753014509,812.0,26.0,20.848239506029017,04-12-2023,,,,
Gaming Monitor,purchase,47.0,0.0,4637.0,44.0,0.0,25-08-2023,,,,
Wireless Mouse,purchase,84.0,0.0,3640.0,135.0,0.0,12-07-2023,,,,
Wireless Mouse,sale,3.0,3383.384857432084,1895.0,17.0,67.66769714864168,13-10-2023,,,,
External SSD,sale,3.0,1892.8680514584144,1574.0,17.0,37.85736102916829,02-09-2023,,,,
Webcam,sale,2.0,1216.4742531135519,907.0,30.0,24.329485062271036,22-11-2023,,,,
Ethernet Adapter,sale,2.0,4264.510124711091,3234.0,19.0,85.29020249422182,09-04-2023,,,,
Webcam,purchase,39.0,0.0,3567.0,27.0,0.0,14-04-2023,,,,
Wireless Mouse,purchase,33.0,0.0,3185.0,108.0,0.0,07-07-2023,,,,
Bluetooth Speaker,sale,3.0,2530.1128437014113,1934.0,43.0,50.60225687402823,30-04-2023,,,,
Noise Cancelling Headphones,sale,2.0,2860.419644221971,1620.0,30.0,57.20839288443942,09-06-2023,,,,
Mechanical Keyboard,sale,1.0,5454.7511505032635,4309.0,15.0,109.09502301006528,04-03-2023,,,,
External SSD,purchase,4.0,0.0,2029.0,149.0,0.0,19-04-2023,,,,
USB-C Hub,sale,4.0,3814.005448863244,2147.0,43.0,76.28010897726489,30-03-2023,,,,
Laptop Stand,sale,1.0,2788.079302964522,1896.0,26.0,55.76158605929044,27-05-2023,,,,
Wireless Mouse,sale,1.0,5118.264627359576,2889.0,41.0,102.36529254719152,04-06-2023,,,,
Laptop Stand,sale,4.0,4847.0089192411415,2803.0,29.0,96.94017838482283,15-12-2023,,,,
External SSD,sale,4.0,4623.729882715899,3453.0,9.0,92.47459765431799,01-02-2023,,,,
Laptop Stand,sale,1.0,5497.288449485724,4516.0,15.0,109.9457689897145,15-04-2023,,,,
Ethernet Adapter,sale,3.0,2415.943555249472,1802.0,18.0,48.31887110498944,30-09-2023,,,,
Noise Cancelling Headphones,sale,3.0,2015.322310322555,1223.0,40.0,40.3064462064511,21-03-2023,,,,
External SSD,sale,4.0,6738.265668212822,3985.0,49.0,134.76531336425643,14-04-2023,,,,
Ethernet Adapter,sale,2.0,2906.659830431708,2334.0,22.0,58.133196608634165,13-08-2023,,,,
USB-C Hub,sale,4.0,5165.610829634834,3197.0,6.0,103.31221659269669,07-10-2023,,,,
USB-C Hub,sale,3.0,5957.365055762565,3591.0,25.0,119.14730111525131,09-10-2023,,,,
Bluetooth Speaker,purchase,90.0,0.0,2829.0,23.0,0.0,01-03-2023,,,,
Mechanical Keyboard,purchase,11.0,0.0,1428.0,81.0,0.0,28-12-2023,,,,
Gaming Monitor,purchase,37.0,0.0,3460.0,146.0,0.0,18-05-2023,,,,
Wireless Mouse,purchase,19.0,0.0,1227.0,65.0,0.0,21-04-2023,,,,
Noise Cancelling Headphones,sale,4.0,3742.7852989787143,2390.0,46.0,74.85570597957428,03-01-2023,,,,
Webcam,sale,2.0,8185.639563248943,4900.0,25.0,163.71279126497888,04-04-2023,,,,
Webcam,sale,4.0,3974.069913729529,2315.0,43.0,79.48139827459059,10-03-2023,,,,
Gaming Monitor,purchase,66.0,0.0,984.0,133.0,0.0,04-01-2023,,,,
External SSD,sale,4.0,3957.5011130781827,3060.0,16.0,79.15002226156365,05-02-2023,,,,
Mechanical Keyboard,sale,1.0,951.3090210274313,533.0,35.0,19.026180420548627,03-03-2023,,,,
Bluetooth Speaker,sale,4.0,5233.983486682441,4057.0,11.0,104.67966973364882,08-04-2023,,,,
Noise Cancelling Headphones,sale,3.0,5578.167315937392,3140.0,32.0,111.56334631874785,20-05-2023,,,,
Gaming Monitor,sale,1.0,3359.2374846395055,2267.0,38.0,67.1847496927901,19-04-2023,,,,
Gaming Monitor,sale,3.0,1293.2768537189424,890.0,21.0,25.86553707437885,31-01-2023,,,,
Gaming Monitor,sale,3.0,1798.0766812776692,1124.0,8.0,35.961533625553386,14-09-2023,,,,
Wireless Mouse,sale,1.0,4740.051812254784,3811.0,39.0,94.80103624509567,26-04-2023,,,,
Webcam,sale,3.0,2358.497628543917,1862.0,30.0,47.169952570878344,25-02-2023,,,,
External SSD,sale,3.0,1850.679539171826,1160.0,31.0,37.01359078343652,10-07-2023,,,,
Gaming Monitor,sale,4.0,5495.866588024678,3384.0,46.0,109.91733176049357,20-12-2023,,,,
Wireless Mouse,sale,2.0,2982.7674035263844,1764.0,32.0,59.65534807052769,20-04-2023,,,,
Wireless Mouse,purchase,27.0,0.0,3157.0,75.0,0.0,04-07-2023,,,,
Bluetooth Speaker,purchase,16.0,0.0,1218.0,82.0,0.0,18-03-2023,,,,
External SSD,purchase,51.0,0.0,2736.0,75.0,0.0,26-07-2023,,,,
Wireless Mouse,purchase,54.0,0.0,4868.0,58.0,0.0,07-03-2023,,,,
Bluetooth Speaker,sale,1.0,4130.070307613436,3185.0,38.0,82.60140615226872,03-08-2023,,,,
Noise Cancelling Headphones,sale,2.0,4279.176466849474,3117.0,21.0,85.58352933698949,16-09-2023,,,,
Mechanical Keyboard,sale,3.0,2845.2733702661626,2058.0,38.0,56.90546740532325,29-07-2023,,,,
Bluetooth Speaker,sale,2.0,7696.5272602525,4861.0,48.0,153.93054520505,08-09-2023,,,,
Gaming Monitor,sale,3.0,5314.809016257236,4404.0,30.0,106.29618032514473,06-08-2023,,,,
Laptop Stand,sale,2.0,1646.5172016109448,1115.0,33.0,32.9303440322189,07-08-2023,,,,
Ethernet Adapter,sale,2.0,5080.989292121569,3209.0,5.0,101.61978584243138,09-02-2023,,,,
USB-C Hub,sale,2.0,1848.2665479959167,1483.0,6.0,36.96533095991833,13-03-2023,,,,
USB-C Hub,sale,1.0,2029.2304164434083,1404.0,19.0,40.584608328868164,09-01-2023,,,,
Mechanical Keyboard,sale,4.0,3961.655614875679,2876.0,47.0,79.23311229751359,01-05-2023,,,,
Mechanical Keyboard,sale,2.0,5870.121588569777,3783.0,19.0,117.40243177139553,11-01-2023,,,,
External SSD,sale,2.0,5920.260962019203,3830.0,42.0,118.40521924038407,16-09-2023,,,,
Bluetooth Speaker,sale,2.0,3131.453289764808,2298.0,38.0,62.62906579529616,06-11-2023,,,,
Wireless Mouse,sale,3.0,7999.8278257132015,4724.0,36.0,159.99655651426403,16-12-2023,,,,
Laptop Stand,sale,3.0,2594.293311001797,1965.0,36.0,51.88586622003594,10-11-2023,,,,
Ethernet Adapter,sale,4.0,1450.974436735654,1068.0,27.0,29.019488734713082,17-10-2023,,,,
External SSD,sale,1.0,4980.594982094857,2886.0,14.0,99.61189964189714,25-07-2023,,,,
External SSD,sale,2.0,5931.893602667971,4178.0,7.0,118.63787205335943,14-01-2023,,,,
Noise Cancelling Headphones,sale,3.0,2375.2409221778394,1927.0,40.0,47.504818443556786,19-11-2023,,,,
Wireless Mouse,sale,4.0,2396.7312063347513,1559.0,28.0,47.93462412669503,09-12-2023,,,,
USB-C Hub,sale,4.0,3195.250589388684,2650.0,42.0,63.90501178777368,03-10-2023,,,,
Webcam,sale,3.0,1175.0452596979787,974.0,5.0,23.500905193959575,13-12-2023,,,,
Noise Cancelling Headphones,sale,1.0,4931.841365014586,3210.0,28.0,98.63682730029171,11-12-2023,,,,
Bluetooth Speaker,sale,2.0,5856.79448653302,3705.0,31.0,117.13588973066041,16-02-2023,,,,
Mechanical Keyboard,purchase,17.0,0.0,2632.0,136.0,0.0,25-11-2023,,,,
Webcam,purchase,64.0,0.0,545.0,50.0,0.0,30-12-2023,,,,
Laptop Stand,sale,1.0,5193.1120464394735,4225.0,32.0,103.86224092878948,05-12-2023,,,,
Ethernet Adapter,sale,2.0,3766.3970378398203,2427.0,26.0,75.32794075679641,13-08-2023,,,,
Ethernet Adapter,sale,2.0,5465.70863421314,3626.0,49.0,109.3141726842628,24-06-2023,,,,
External SSD,purchase,4.0,0.0,4257.0,12.0,0.0,28-03-2023,,,,
Bluetooth Speaker,sale,3.0,6403.187412542155,4444.0,31.0,128.0637482508431,05-07-2023,,,,
External SSD,sale,2.0,5866.501532116135,4576.0,23.0,117.33003064232271,12-05-2023,,,,
Wireless Mouse,sale,4.0,5116.019517011859,3927.0,35.0,102.32039034023717,11-05-2023,,,,
USB-C Hub,sale,3.0,6654.259341872327,3713.0,41.0,133.08518683744654,08-06-2023,,,,
Webcam,sale,3.0,6456.7745488410865,3935.0,28.0,129.13549097682173,17-04-2023,,,,
Ethernet Adapter,purchase,37.0,0.0,4336.0,19.0,0.0,07-05-2023,,,,
Webcam,sale,3.0,6099.049755570007,4414.0,6.0,121.98099511140013,11-06-2023,,,,
Mechanical Keyboard,purchase,84.0,0.0,4588.0,85.0,0.0,22-08-2023,,,,
Webcam,sale,4.0,2418.412848283949,1451.0,29.0,48.36825696567899,30-03-2023,,,,
Noise Cancelling Headphones,sale,3.0,2064.5165346202953,1588.0,31.0,41.29033069240591,22-07-2023,,,,
USB-C Hub,purchase,97.0,0.0,1294.0,149.0,0.0,25-10-2023,,,,
Gaming Monitor,sale,1.0,1122.505146855343,718.0,38.0,22.45010293710686,09-03-2023,,,,
Mechanical Keyboard,sale,2.0,5354.650864795578,3901.0,19.0,107.09301729591157,29-12-2023,,,,
External SSD,purchase,10.0,0.0,2658.0,93.0,0.0,06-06-2023,,,,
Wireless Mouse,purchase,47.0,0.0,1671.0,104.0,0.0,01-07-2023,,,,
Noise Cancelling Headphones,sale,4.0,2912.1441709837973,1992.0,38.0,58.24288341967595,26-04-2023,,,,
Gaming Monitor,sale,4.0,1480.4726686740407,1090.0,48.0,29.609453373480815,12-01-2023,,,,
Ethernet Adapter,sale,3.0,6699.9234192377835,4679.0,44.0,133.99846838475568,27-08-2023,,,,
Mechanical Keyboard,sale,4.0,5257.462581687677,4309.0,14.0,105.14925163375354,11-10-2023,,,,
Gaming Monitor,purchase,9.0,0.0,2233.0,73.0,0.0,11-02-2023,,,,
Ethernet Adapter,purchase,67.0,0.0,2084.0,60.0,0.0,24-11-2023,,,,
Mechanical Keyboard,purchase,65.0,0.0,2741.0,75.0,0.0,07-02-2023,,,,
Bluetooth Speaker,sale,2.0,2389.6830901876606,1540.0,30.0,47.79366180375321,24-08-2023,,,,
Laptop Stand,purchase,86.0,0.0,1879.0,15.0,0.0,31-07-2023,,,,
Mechanical Keyboard,sale,3.0,5335.1777259702385,3699.0,27.0,106.70355451940478,29-09-2023,,,,
USB-C Hub,sale,2.0,8618.902419142261,4893.0,25.0,172.37804838284524,30-10-2023,,,,
Gaming Monitor,sale,1.0,1809.3671669751943,1039.0,20.0,36.18734333950389,16-01-2023,,,,
Gaming Monitor,sale,3.0,3261.7497454411637,1850.0,21.0,65.23499490882327,20-04-2023,,,,
USB-C Hub,sale,1.0,4476.324560158313,2574.0,43.0,89.52649120316626,07-06-2023,,,,
Ethernet Adapter,sale,3.0,3012.298986839977,1850.0,36.0,60.24597973679954,06-01-2023,,,,
Laptop Stand,sale,3.0,6239.2941113930565,3774.0,48.0,124.78588222786114,05-08-2023,,,,
Webcam,sale,2.0,6931.959701588189,3927.0,25.0,138.6391940317638,29-09-2023,,,,
Noise Cancelling Headphones,purchase,60.0,0.0,586.0,17.0,0.0,06-07-2023,,,,
Laptop Stand,purchase,30.0,0.0,1158.0,105.0,0.0,21-09-2023,,,,
Gaming Monitor,sale,4.0,4298.234762246571,2626.0,24.0,85.96469524493143,13-03-2023,,,,
Bluetooth Speaker,purchase,66.0,0.0,3795.0,52.0,0.0,29-09-2023,,,,
USB-C Hub,purchase,44.0,0.0,3686.0,51.0,0.0,07-01-2023,,,,
Webcam,purchase,65.0,0.0,2536.0,91.0,0.0,10-10-2023,,,,
USB-C Hub,purchase,34.0,0.0,1908.0,11.0,0.0,30-11-2023,,,,
USB-C Hub,purchase,55.0,0.0,671.0,17.0,0.0,27-10-2023,,,,
Wireless Mouse,sale,2.0,4174.616408011728,2395.0,38.0,83.49232816023456,09-03-2023,,,,
Bluetooth Speaker,sale,1.0,1455.7178212820465,864.0,6.0,29.11435642564093,29-03-2023,,,,
Wireless Mouse,sale,1.0,5548.088280961635,3521.0,30.0,110.96176561923271,18-06-2023,,,,
Webcam,sale,2.0,3264.7649932397408,2485.0,10.0,65.29529986479481,01-01-2023,,,,
USB-C Hub,sale,3.0,2215.7058020289655,1388.0,9.0,44.314116040579314,13-01-2023,,,,
USB-C Hub,sale,3.0,5817.693821372682,3387.0,43.0,116.35387642745364,23-02-2023,,,,
Mechanical Keyboard,purchase,17.0,0.0,2339.0,14.0,0.0,30-06-2023,,,,
Bluetooth Speaker,sale,2.0,3217.562267090793,2345.0,7.0,64.35124534181585,30-09-2023,,,,
Gaming Monitor,purchase,40.0,0.0,4057.0,79.0,0.0,17-11-2023,,,,
Mechanical Keyboard,sale,2.0,6523.370460644747,4029.0,25.0,130.46740921289495,26-08-2023,,,,
Laptop Stand,purchase,74.0,0.0,1373.0,10.0,0.0,27-02-2023,,,,
Noise Cancelling Headphones,purchase,76.0,0.0,2218.0,61.0,0.0,01-01-2023,,,,
Gaming Monitor,sale,3.0,944.3568547552595,723.0,24.0,18.887137095105192,05-10-2023,,,,
External SSD,purchase,75.0,0.0,1159.0,48.0,0.0,08-06-2023,,,,
Mechanical Keyboard,purchase,12.0,0.0,1050.0,80.0,0.0,20-10-2023,,,,
Noise Cancelling Headphones,sale,3.0,3963.9382393318083,2946.0,23.0,79.27876478663617,23-09-2023,,,,
Gaming Monitor,purchase,84.0,0.0,2631.0,141.0,0.0,11-07-2023,,,,
External SSD,sale,1.0,4938.25851332201,3340.0,44.0,98.76517026644021,26-11-2023,,,,
USB-C Hub,sale,2.0,2563.018598644661,1649.0,19.0,51.26037197289322,06-09-2023,,,,
Gaming Monitor,sale,3.0,5521.407053046261,3758.0,13.0,110.42814106092523,17-11-2023,,,,
Ethernet Adapter,purchase,89.0,0.0,2389.0,81.0,0.0,24-08-2023,,,,
Noise Cancelling Headphones,sale,3.0,5483.348756180019,4174.0,33.0,109.6669751236004,04-10-2023,,,,
Noise Cancelling Headphones,sale,3.0,3331.6189274219905,1992.0,26.0,66.63237854843982,04-08-2023,,,,
Gaming Monitor,sale,3.0,3449.77322879228,2857.0,43.0,68.9954645758456,06-05-2023,,,,
Laptop Stand,sale,1.0,1577.4067213847013,1239.0,14.0,31.548134427694027,29-01-2023,,,,
Wireless Mouse,sale,1.0,6305.816622234944,3930.0,19.0,126.11633244469887,17-01-2023,,,,
Mechanical Keyboard,sale,4.0,4141.34911771432,2387.0,46.0,82.8269823542864,10-11-2023,,,,
Wireless Mouse,sale,2.0,5808.166571366535,3347.0,18.0,116.1633314273307,16-10-2023,,,,
Wireless Mouse,sale,1.0,3016.2688268608504,1832.0,32.0,60.32537653721701,14-05-2023,,,,
Bluetooth Speaker,sale,2.0,1734.032198153943,1037.0,5.0,34.68064396307886,12-10-2023,,,,
Mechanical Keyboard,sale,1.0,1276.2446357192819,735.0,28.0,25.524892714385636,17-04-2023,,,,
Ethernet Adapter,sale,1.0,1486.9528694161988,1140.0,49.0,29.739057388323978,07-09-2023,,,,
Wireless Mouse,sale,2.0,4809.052085629964,2769.0,40.0,96.18104171259927,12-12-2023,,,,
External SSD,purchase,16.0,0.0,4882.0,120.0,0.0,18-02-2023,,,,
Bluetooth Speaker,sale,3.0,6198.206927594188,4268.0,30.0,123.96413855188375,01-02-2023,,,,
Webcam,sale,2.0,3302.2646544955032,2524.0,35.0,66.04529308991006,01-06-2023,,,,
Ethernet Adapter,sale,3.0,2328.73533664403,1440.0,9.0,46.57470673288061,14-01-2023,,,,
Wireless Mouse,sale,1.0,953.9448359800939,569.0,48.0,19.07889671960188,07-03-2023,,,,
Ethernet Adapter,purchase,67.0,0.0,3253.0,136.0,0.0,28-05-2023,,,,
USB-C Hub,sale,3.0,7098.520599230372,4839.0,48.0,141.97041198460744,19-01-2023,,,,
Ethernet Adapter,sale,1.0,4106.747278819826,2469.0,45.0,82.13494557639652,20-12-2023,,,,
Gaming Monitor,sale,2.0,1952.5882961923123,1542.0,27.0,39.05176592384625,13-10-2023,,,,
Noise Cancelling Headphones,sale,3.0,5931.401061444261,3969.0,22.0,118.62802122888523,04-11-2023,,,,
External SSD,purchase,33.0,0.0,2408.0,123.0,0.0,12-06-2023,,,,
External SSD,sale,4.0,1668.6802853164236,1280.0,23.0,33.37360570632847,06-04-2023,,,,
Bluetooth Speaker,purchase,67.0,0.0,1986.0,50.0,0.0,15-09-2023,,,,
Laptop Stand,purchase,69.0,0.0,1028.0,138.0,0.0,02-10-2023,,,,
Mechanical Keyboard,sale,1.0,5887.4549800427785,4523.0,30.0,117.74909960085557,28-09-2023,,,,
Ethernet Adapter,purchase,48.0,0.0,1018.0,105.0,0.0,30-04-2023,,,,
Webcam,sale,3.0,3322.085899626658,2079.0,39.0,66.44171799253316,26-06-2023,,,,
Gaming Monitor,sale,2.0,6203.790010101032,4897.0,35.0,124.07580020202064,03-04-2023,,,,
Bluetooth Speaker,sale,1.0,3991.6691126604733,2601.0,49.0,79.83338225320946,17-12-2023,,,,
Ethernet Adapter,purchase,46.0,0.0,3787.0,29.0,0.0,07-02-2023,,,,
USB-C Hub,purchase,56.0,0.0,4036.0,17.0,0.0,28-08-2023,,,,
External SSD,sale,3.0,2330.8587411117355,1553.0,41.0,46.61717482223471,19-08-2023,,,,
Laptop Stand,sale,2.0,4354.125444225072,3342.0,10.0,87.08250888450144,05-07-2023,,,,
External SSD,sale,3.0,986.0817361233658,683.0,36.0,19.721634722467314,27-08-2023,,,,
Laptop Stand,sale,2.0,7209.580396904959,4038.0,14.0,144.1916079380992,03-09-2023,,,,
Gaming Monitor,sale,4.0,2631.493261181517,1584.0,21.0,52.62986522363034,12-06-2023,,,,
Laptop Stand,sale,2.0,5871.0240024848335,4572.0,17.0,117.42048004969668,26-03-2023,,,,
Laptop Stand,sale,1.0,6067.711549350895,4128.0,11.0,121.35423098701791,03-08-2023,,,,
Wireless Mouse,purchase,39.0,0.0,4160.0,116.0,0.0,07-02-2023,,,,
Mechanical Keyboard,sale,3.0,1179.5721307316983,805.0,42.0,23.591442614633966,01-07-2023,,,,
Bluetooth Speaker,sale,3.0,5650.070189434405,4358.0,38.0,113.0014037886881,23-12-2023,,,,
Ethernet Adapter,sale,3.0,4862.923213196901,3849.0,36.0,97.25846426393802,20-06-2023,,,,
External SSD,sale,4.0,2381.0197985587947,1738.0,14.0,47.620395971175896,15-06-2023,,,,
USB-C Hub,sale,4.0,5398.890415012205,4494.0,38.0,107.9778083002441,24-02-2023,,,,
Webcam,sale,4.0,4017.197191499492,2418.0,28.0,80.34394382998984,03-04-2023,,,,
External SSD,sale,1.0,3753.91208606155,3104.0,18.0,75.078241721231,23-10-2023,,,,
USB-C Hub,purchase,71.0,0.0,1766.0,97.0,0.0,26-10-2023,,,,
Webcam,sale,3.0,4565.435397796121,3022.0,37.0,91.30870795592242,03-07-2023,,,,
Mechanical Keyboard,sale,1.0,5212.599610193284,3400.0,29.0,104.25199220386568,26-09-2023,,,,
Noise Cancelling Headphones,sale,2.0,2408.2937276564194,1892.0,35.0,48.16587455312839,07-05-2023,,,,
External SSD,purchase,67.0,0.0,4527.0,119.0,0.0,23-05-2023,,,,
Webcam,sale,4.0,1749.3216846299313,1027.0,44.0,34.986433692598624,06-10-2023,,,,
Mechanical Keyboard,purchase,50.0,0.0,1605.0,133.0,0.0,25-08-2023,,,,
Bluetooth Speaker,sale,2.0,4403.8195996407885,3654.0,32.0,88.07639199281577,14-03-2023,,,,
USB-C Hub,sale,2.0,8814.228365422667,4905.0,17.0,176.28456730845335,01-05-2023,,,,
Ethernet Adapter,sale,1.0,5273.039364053418,3806.0,42.0,105.46078728106835,19-08-2023,,,,
Webcam,sale,2.0,1446.715035427262,1163.0,43.0,28.934300708545237,22-10-2023,,,,
Bluetooth Speaker,sale,3.0,6926.739880864285,4174.0,8.0,138.5347976172857,06-07-2023,,,,
Laptop Stand,sale,3.0,6327.786775300648,3554.0,9.0,126.55573550601295,16-08-2023,,,,
Webcam,purchase,27.0,0.0,3293.0,73.0,0.0,10-12-2023,,,,
Gaming Monitor,sale,2.0,5508.544027129396,4325.0,43.0,110.17088054258794,07-12-2023,,,,
Bluetooth Speaker,sale,1.0,877.7523654041391,649.0,45.0,17.555047308082784,19-10-2023,,,,
USB-C Hub,sale,3.0,5860.995406145884,3381.0,37.0,117.21990812291767,11-01-2023,,,,
Noise Cancelling Headphones,sale,3.0,1078.6373674197182,881.0,42.0,21.572747348394365,14-11-2023,,,,
Gaming Monitor,purchase,7.0,0.0,4706.0,44.0,0.0,27-04-2023,,,,
Mechanical Keyboard,purchase,86.0,0.0,1298.0,15.0,0.0,26-07-2023,,,,
Gaming Monitor,sale,2.0,7934.205534934148,4947.0,6.0,158.68411069868296,06-10-2023,,,,
Webcam,sale,4.0,5494.812056848303,3529.0,16.0,109.89624113696605,30-01-2023,,,,
Gaming Monitor,sale,4.0,3290.1652440960993,1929.0,20.0,65.80330488192199,02-05-2023,,,,
Mechanical Keyboard,sale,4.0,3587.892009042016,2815.0,37.0,71.75784018084032,28-12-2023,,,,
Noise Cancelling Headphones,sale,1.0,5496.925778085266,3276.0,23.0,109.93851556170532,25-11-2023,,,,
Wireless Mouse,sale,2.0,1218.9860558005996,885.0,37.0,24.379721116011993,30-08-2023,,,,
USB-C Hub,purchase,68.0,0.0,3142.0,34.0,0.0,13-11-2023,,,,
Ethernet Adapter,sale,3.0,971.6813835118612,586.0,15.0,19.433627670237225,05-02-2023,,,,
Ethernet Adapter,purchase,3.0,0.0,721.0,94.0,0.0,23-09-2023,,,,
Laptop Stand,sale,2.0,5672.495616830849,3802.0,28.0,113.44991233661699,03-03-2023,,,,
Bluetooth Speaker,sale,2.0,956.962433968128,688.0,40.0,19.139248679362563,18-11-2023,,,,
Bluetooth Speaker,sale,4.0,2328.8806302292423,1451.0,45.0,46.57761260458485,13-09-2023,,,,
Gaming Monitor,purchase,50.0,0.0,2889.0,58.0,0.0,24-03-2023,,,,
Bluetooth Speaker,sale,2.0,3361.2569018336294,2326.0,19.0,67.22513803667259,17-02-2023,,,,
Mechanical Keyboard,sale,3.0,3097.999697159354,1748.0,46.0,61.95999394318709,14-04-2023,,,,
Noise Cancelling Headphones,sale,1.0,4844.306868314438,3423.0,13.0,96.88613736628876,02-04-2023,,,,
USB-C Hub,sale,4.0,3029.178415268213,1965.0,23.0,60.58356830536426,08-11-2023,,,,
Bluetooth Speaker,sale,1.0,1716.054126106003,1013.0,37.0,34.32108252212006,26-11-2023,,,,
Bluetooth Speaker,sale,2.0,5404.5157508240345,3438.0,36.0,108.09031501648069,17-09-2023,,,,
Gaming Monitor,sale,4.0,1514.9680293050037,959.0,11.0,30.299360586100075,20-04-2023,,,,
Wireless Mouse,purchase,63.0,0.0,3886.0,27.0,0.0,12-05-2023,,,,
Mechanical Keyboard,purchase,40.0,0.0,957.0,147.0,0.0,19-03-2023,,,,
Noise Cancelling Headphones,sale,4.0,1829.5161538281213,1166.0,48.0,36.59032307656243,19-10-2023,,,,
External SSD,purchase,83.0,0.0,2084.0,131.0,0.0,18-06-2023,,,,
Ethernet Adapter,sale,3.0,7083.435049314492,4449.0,41.0,141.66870098628985,30-01-2023,,,,
Wireless Mouse,sale,4.0,2750.975545396586,2054.0,30.0,55.01951090793172,02-01-2023,,,,
Laptop Stand,sale,3.0,962.2456648894877,696.0,25.0,19.244913297789754,17-06-2023,,,,
Bluetooth Speaker,sale,1.0,7681.053093783326,4343.0,34.0,153.62106187566653,27-01-2023,,,,
External SSD,sale,1.0,2556.5417397128463,2100.0,36.0,51.13083479425693,25-09-2023,,,,
USB-C Hub,sale,1.0,3388.965556787425,2169.0,47.0,67.7793111357485,14-10-2023,,,,
Webcam,sale,3.0,7019.322507279482,4989.0,29.0,140.38645014558963,06-02-2023,,,,
Webcam,purchase,40.0,0.0,1434.0,137.0,0.0,04-09-2023,,,,
Webcam,sale,1.0,2762.6565852007398,1984.0,49.0,55.2531317040148,20-06-2023,,,,
Mechanical Keyboard,purchase,42.0,0.0,2077.0,95.0,0.0,28-12-2023,,,,
Noise Cancelling Headphones,purchase,32.0,0.0,2902.0,108.0,0.0,24-08-2023,,,,
Noise Cancelling Headphones,sale,3.0,1682.3786913829488,1254.0,6.0,33.647573827658974,09-01-2023,,,,
Laptop Stand,purchase,12.0,0.0,4016.0,97.0,0.0,21-05-2023,,,,
Bluetooth Speaker,sale,3.0,3539.1230236823117,2546.0,17.0,70.78246047364624,06-12-2023,,,,
USB-C Hub,sale,1.0,4781.287333711076,3882.0,11.0,95.62574667422152,13-06-2023,,,,
External SSD,sale,4.0,6438.691441089145,4418.0,14.0,128.7738288217829,26-05-2023,,,,
USB-C Hub,sale,4.0,5648.595942959536,3300.0,30.0,112.97191885919072,12-10-2023,,,,
USB-C Hub,purchase,58.0,0.0,2887.0,134.0,0.0,05-06-2023,,,,
USB-C Hub,purchase,40.0,0.0,4820.0,61.0,0.0,15-10-2023,,,,
Wireless Mouse,sale,2.0,6893.434344029066,3963.0,39.0,137.86868688058132,14-01-2023,,,,
Ethernet Adapter,sale,4.0,4012.3789352665117,3177.0,6.0,80.24757870533024,16-06-2023,,,,
Gaming Monitor,purchase,84.0,0.0,2682.0,46.0,0.0,10-07-2023,,,,
External SSD,sale,4.0,6325.734281275076,4409.0,34.0,126.51468562550151,15-04-2023,,,,
USB-C Hub,purchase,94.0,0.0,1202.0,130.0,0.0,28-08-2023,,,,
Bluetooth Speaker,purchase,72.0,0.0,680.0,97.0,0.0,20-02-2023,,,,
Wireless Mouse,sale,3.0,1811.1825843949437,1153.0,26.0,36.22365168789887,06-09-2023,,,,
Webcam,sale,1.0,5623.986146477342,3763.0,32.0,112.47972292954684,02-05-2023,,,,
Noise Cancelling Headphones,purchase,62.0,0.0,3486.0,118.0,0.0,13-11-2023,,,,
Ethernet Adapter,sale,4.0,4957.633769186354,3412.0,9.0,99.15267538372707,08-12-2023,,,,
Mechanical Keyboard,sale,4.0,1953.9861350914316,1116.0,11.0,39.079722701828636,29-06-2023,,,,
Gaming Monitor,purchase,65.0,0.0,4498.0,119.0,0.0,03-02-2023,,,,
USB-C Hub,sale,2.0,1154.6359056036088,714.0,49.0,23.092718112072177,16-11-2023,,,,
Bluetooth Speaker,sale,3.0,2789.4807816234243,1951.0,49.0,55.78961563246849,16-07-2023,,,,
Webcam,purchase,37.0,0.0,2856.0,20.0,0.0,28-09-2023,,,,
Wireless Mouse,purchase,66.0,0.0,3747.0,34.0,0.0,01-09-2023,,,,
Webcam,sale,1.0,2186.297866421444,1311.0,36.0,43.725957328428876,26-08-2023,,,,
External SSD,purchase,6.0,0.0,2309.0,64.0,0.0,15-12-2023,,,,
Ethernet Adapter,sale,2.0,7596.564447247482,4977.0,18.0,151.93128894494964,16-09-2023,,,,
USB-C Hub,sale,1.0,4792.844968855405,3897.0,6.0,95.85689937710809,17-09-2023,,,,
Bluetooth Speaker,sale,4.0,4028.7130206187608,2506.0,5.0,80.57426041237521,04-02-2023,,,,
Gaming Monitor,sale,2.0,3710.7795656269186,2494.0,32.0,74.21559131253838,03-12-2023,,,,
Bluetooth Speaker,sale,4.0,5288.015357345194,3721.0,40.0,105.76030714690388,16-02-2023,,,,
Bluetooth Speaker,sale,2.0,7514.800459792795,4922.0,45.0,150.2960091958559,31-01-2023,,,,
Noise Cancelling Headphones,sale,3.0,2261.70105166936,1350.0,31.0,45.2340210333872,12-12-2023,,,,
External SSD,purchase,71.0,0.0,1593.0,49.0,0.0,31-01-2023,,,,
USB-C Hub,sale,1.0,5970.275763072679,3643.0,32.0,119.40551526145359,01-02-2023,,,,
Ethernet Adapter,sale,4.0,5990.661961328436,4063.0,25.0,119.81323922656871,30-08-2023,,,,
Ethernet Adapter,sale,3.0,4005.302092826185,3183.0,10.0,80.1060418565237,16-03-2023,,,,
Bluetooth Speaker,sale,3.0,4412.142152914601,2561.0,27.0,88.24284305829202,31-08-2023,,,,
Bluetooth Speaker,purchase,44.0,0.0,896.0,82.0,0.0,20-05-2023,,,,
Mechanical Keyboard,sale,2.0,1342.9405539009401,1059.0,23.0,26.858811078018803,08-09-2023,,,,
Mechanical Keyboard,sale,2.0,2354.001399937931,1593.0,10.0,47.080027998758624,27-03-2023,,,,
External SSD,sale,1.0,5238.669074665949,3119.0,17.0,104.77338149331898,16-03-2023,,,,
Wireless Mouse,sale,3.0,3378.128959541522,2451.0,19.0,67.56257919083043,09-08-2023,,,,
Wireless Mouse,sale,1.0,2801.0407840504386,1705.0,35.0,56.02081568100877,28-10-2023,,,,
Webcam,purchase,97.0,0.0,627.0,145.0,0.0,20-09-2023,,,,
Mechanical Keyboard,sale,2.0,5808.940002797018,3394.0,14.0,116.17880005594036,26-10-2023,,,,
Wireless Mouse,purchase,83.0,0.0,4833.0,133.0,0.0,29-10-2023,,,,
Ethernet Adapter,purchase,48.0,0.0,1850.0,66.0,0.0,11-08-2023,,,,
Noise Cancelling Headphones,sale,3.0,1505.1047251077139,871.0,43.0,30.102094502154277,29-10-2023,,,,
Webcam,sale,3.0,6743.862297981014,4304.0,21.0,134.8772459596203,17-04-2023,,,,
Bluetooth Speaker,sale,2.0,6274.370757107732,4699.0,7.0,125.48741514215465,28-12-2023,,,,
Gaming Monitor,sale,1.0,5335.225365403397,4294.0,33.0,106.70450730806793,12-01-2023,,,,
Ethernet Adapter,sale,4.0,904.5772200623738,618.0,14.0,18.09154440124748,09-01-2023,,,,
Noise Cancelling Headphones,purchase,75.0,0.0,4213.0,72.0,0.0,03-12-2023,,,,
Ethernet Adapter,purchase,27.0,0.0,4694.0,34.0,0.0,17-09-2023,,,,
Wireless Mouse,purchase,21.0,0.0,3175.0,45.0,0.0,25-08-2023,,,,
Wireless Mouse,sale,2.0,3552.49144929257,2448.0,39.0,71.0498289858514,19-07-2023,,,,
Noise Cancelling Headphones,sale,2.0,5074.803396495346,3788.0,9.0,101.49606792990691,14-11-2023,,,,
Webcam,sale,1.0,2842.917396083265,1976.0,8.0,56.8583479216653,12-06-2023,,,,
External SSD,sale,3.0,3789.071284684099,2629.0,35.0,75.78142569368198,24-04-2023,,,,
Wireless Mouse,sale,4.0,6927.962515876573,4391.0,15.0,138.55925031753145,14-05-2023,,,,
USB-C Hub,purchase,86.0,0.0,4727.0,113.0,0.0,14-10-2023,,,,
Webcam,sale,3.0,1273.6972513067806,906.0,28.0,25.473945026135613,29-03-2023,,,,
Webcam,sale,2.0,6541.1466068273685,4213.0,24.0,130.82293213654737,08-08-2023,,,,
USB-C Hub,sale,3.0,4957.2558229552205,3108.0,34.0,99.14511645910441,13-08-2023,,,,
Wireless Mouse,purchase,16.0,0.0,3688.0,137.0,0.0,26-05-2023,,,,
Mechanical Keyboard,purchase,5.0,0.0,2393.0,77.0,0.0,22-10-2023,,,,
Bluetooth Speaker,sale,2.0,2008.105453133946,1208.0,36.0,40.16210906267892,01-11-2023,,,,
Mechanical Keyboard,sale,3.0,6285.218289040305,3503.0,10.0,125.7043657808061,26-03-2023,,,,
Laptop Stand,sale,1.0,2338.6481101501336,1714.0,37.0,46.77296220300267,10-12-2023,,,,
Wireless Mouse,purchase,48.0,0.0,2530.0,131.0,0.0,02-08-2023,,,,
Wireless Mouse,sale,3.0,6361.172929700777,4845.0,32.0,127.22345859401554,26-03-2023,,,,
Noise Cancelling Headphones,purchase,72.0,0.0,1430.0,49.0,0.0,15-08-2023,,,,
Ethernet Adapter,sale,1.0,3421.381004830618,2407.0,13.0,68.42762009661236,22-09-2023,,,,
USB-C Hub,sale,2.0,5338.202208869488,4232.0,27.0,106.76404417738975,09-12-2023,,,,
Noise Cancelling Headphones,purchase,73.0,0.0,4120.0,73.0,0.0,21-01-2023,,,,
Noise Cancelling Headphones,sale,1.0,2678.5865943485232,1881.0,7.0,53.57173188697047,21-01-2023,,,,
Wireless Mouse,sale,2.0,5342.439902201179,3606.0,23.0,106.8487980440236,24-09-2023,,,,
Wireless Mouse,sale,4.0,1058.4217809727759,845.0,22.0,21.16843561945552,04-12-2023,,,,
USB-C Hub,sale,4.0,6314.532290534588,4812.0,42.0,126.29064581069177,18-03-2023,,,,
Noise Cancelling Headphones,sale,1.0,764.0975353227559,569.0,22.0,15.281950706455119,23-01-2023,,,,
Laptop Stand,sale,3.0,3629.2893041139355,2139.0,14.0,72.58578608227872,20-02-2023,,,,
Bluetooth Speaker,purchase,7.0,0.0,3049.0,93.0,0.0,12-02-2023,,,,
Ethernet Adapter,sale,2.0,2975.971555723676,1781.0,25.0,59.51943111447352,28-07-2023,,,,
Webcam,purchase,68.0,0.0,2954.0,106.0,0.0,31-03-2023,,,,
Laptop Stand,sale,1.0,6110.855616223592,4801.0,25.0,122.21711232447184,23-11-2023,,,,
Webcam,sale,4.0,2639.302145848236,2143.0,7.0,52.78604291696472,01-12-2023,,,,
USB-C Hub,sale,4.0,1023.4065312044085,649.0,17.0,20.468130624088168,27-10-2023,,,,
Gaming Monitor,sale,1.0,6985.626251109202,4435.0,37.0,139.71252502218405,30-07-2023,,,,
Bluetooth Speaker,sale,4.0,954.2516817660552,688.0,31.0,19.085033635321103,02-05-2023,,,,
External SSD,sale,3.0,2736.69803721324,1650.0,23.0,54.7339607442648,14-01-2023,,,,
Wireless Mouse,sale,3.0,2017.6613867457534,1128.0,23.0,40.353227734915066,01-10-2023,,,,
Laptop Stand,sale,2.0,3625.265344172882,2498.0,24.0,72.50530688345765,14-08-2023,,,,
Ethernet Adapter,sale,1.0,5634.733762113319,4222.0,28.0,112.69467524226638,11-10-2023,,,,
Wireless Mouse,purchase,53.0,0.0,4407.0,75.0,0.0,21-11-2023,,,,
Noise Cancelling Headphones,purchase,16.0,0.0,2541.0,99.0,0.0,05-07-2023,,,,
Ethernet Adapter,sale,1.0,5980.826063683937,4860.0,27.0,119.61652127367874,28-07-2023,,,,
Wireless Mouse,sale,2.0,6117.049959167598,4360.0,37.0,122.34099918335197,06-04-2023,,,,
Webcam,purchase,97.0,0.0,516.0,26.0,0.0,31-03-2023,,,,
Ethernet Adapter,purchase,69.0,0.0,1715.0,15.0,0.0,13-08-2023,,,,
Noise Cancelling Headphones,sale,2.0,5676.2466165071955,3374.0,31.0,113.52493233014391,29-01-2023,,,,
USB-C Hub,sale,2.0,8073.27198650904,4686.0,38.0,161.4654397301808,26-03-2023,,,,
Ethernet Adapter,sale,4.0,4139.927093773628,3105.0,8.0,82.79854187547257,29-12-2023,,,,
Webcam,purchase,92.0,0.0,3748.0,88.0,0.0,17-01-2023,,,,
Ethernet Adapter,sale,4.0,4272.199200508828,3136.0,12.0,85.44398401017655,30-01-2023,,,,
Laptop Stand,sale,2.0,3294.156839366404,2640.0,24.0,65.88313678732808,06-07-2023,,,,
Ethernet Adapter,purchase,50.0,0.0,1162.0,92.0,0.0,27-01-2023,,,,
Webcam,purchase,48.0,0.0,1292.0,27.0,0.0,17-07-2023,,,,
External SSD,purchase,56.0,0.0,3282.0,46.0,0.0,24-10-2023,,,,
Webcam,purchase,45.0,0.0,2583.0,57.0,0.0,17-11-2023,,,,
Mechanical Keyboard,purchase,67.0,0.0,1089.0,48.0,0.0,17-10-2023,,,,
Ethernet Adapter,sale,3.0,2934.455182962327,1746.0,37.0,58.68910365924654,02-10-2023,,,,
Webcam,purchase,8.0,0.0,3456.0,13.0,0.0,05-11-2023,,,,
Laptop Stand,sale,2.0,3670.3475186615433,2759.0,19.0,73.40695037323087,05-12-2023,,,,
Webcam,purchase,78.0,0.0,997.0,48.0,0.0,27-06-2023,,,,
Laptop Stand,sale,2.0,5504.568422647766,3787.0,8.0,110.09136845295532,11-11-2023,,,,
USB-C Hub,sale,3.0,3473.910394267632,2000.0,23.0,69.47820788535265,03-11-2023,,,,
Webcam,sale,2.0,5944.646715424286,4780.0,31.0,118.89293430848574,08-04-2023,,,,
Mechanical Keyboard,sale,3.0,1354.7901878082769,1084.0,10.0,27.095803756165537,04-02-2023,,,,
Noise Cancelling Headphones,purchase,31.0,0.0,2931.0,129.0,0.0,08-12-2023,,,,
External SSD,purchase,70.0,0.0,4639.0,131.0,0.0,07-02-2023,,,,
USB-C Hub,sale,2.0,5864.400585855179,3666.0,47.0,117.28801171710359,21-12-2023,,,,
Noise Cancelling Headphones,sale,2.0,2260.850192633619,1259.0,16.0,45.21700385267238,18-04-2023,,,,
USB-C Hub,sale,1.0,6246.444100724288,3476.0,29.0,124.92888201448575,02-10-2023,,,,
Bluetooth Speaker,sale,2.0,1647.70455042521,1286.0,48.0,32.9540910085042,07-05-2023,,,,
Wireless Mouse,purchase,48.0,0.0,2566.0,137.0,0.0,07-08-2023,,,,
Gaming Monitor,sale,3.0,1481.7770003715686,969.0,40.0,29.635540007431374,18-10-2023,,,,
External SSD,sale,2.0,621.9018660362281,508.0,41.0,12.438037320724561,15-04-2023,,,,
Ethernet Adapter,sale,3.0,5135.608131565716,3782.0,26.0,102.71216263131431,28-07-2023,,,,
Ethernet Adapter,sale,4.0,4462.420563520061,3678.0,14.0,89.2484112704012,01-05-2023,,,,
Wireless Mouse,sale,3.0,2331.6095578145682,1609.0,7.0,46.63219115629136,21-05-2023,,,,
Laptop Stand,sale,1.0,6320.577905859785,4012.0,46.0,126.4115581171957,08-02-2023,,,,
Laptop Stand,sale,3.0,2856.8172166749723,1753.0,49.0,57.136344333499444,04-04-2023,,,,
Ethernet Adapter,purchase,43.0,0.0,3635.0,13.0,0.0,29-01-2023,,,,
External SSD,sale,3.0,5829.537588212082,3268.0,49.0,116.59075176424163,27-05-2023,,,,
Mechanical Keyboard,sale,3.0,1744.2158996099467,1332.0,41.0,34.88431799219894,19-12-2023,,,,
Webcam,sale,3.0,2366.4555759699465,1322.0,27.0,47.32911151939893,05-02-2023,,,,
Bluetooth Speaker,sale,4.0,3818.4343684739074,2191.0,20.0,76.36868736947815,20-09-2023,,,,
Gaming Monitor,sale,2.0,1908.0329552045926,1264.0,11.0,38.16065910409185,29-10-2023,,,,
Gaming Monitor,purchase,16.0,0.0,1723.0,103.0,0.0,17-04-2023,,,,
Ethernet Adapter,sale,4.0,3305.7014588127267,2111.0,14.0,66.11402917625453,17-02-2023,,,,
External SSD,sale,1.0,3491.6307397944565,2797.0,45.0,69.83261479588913,08-08-2023,,,,
Bluetooth Speaker,sale,2.0,8009.79275977304,4675.0,14.0,160.1958551954608,04-01-2023,,,,
Noise Cancelling Headphones,purchase,50.0,0.0,589.0,127.0,0.0,18-07-2023,,,,
Laptop Stand,purchase,77.0,0.0,1885.0,139.0,0.0,14-06-2023,,,,
Noise Cancelling Headphones,purchase,3.0,0.0,3213.0,13.0,0.0,02-04-2023,,,,
Ethernet Adapter,sale,2.0,3618.9545368552076,2294.0,9.0,72.37909073710415,22-09-2023,,,,
Bluetooth Speaker,sale,1.0,7929.407457222032,4984.0,38.0,158.58814914444062,07-05-2023,,,,
Webcam,purchase,96.0,0.0,1881.0,71.0,0.0,17-08-2023,,,,
Wireless Mouse,sale,3.0,4255.068278435932,3361.0,29.0,85.10136556871865,15-08-2023,,,,
Noise Cancelling Headphones,purchase,92.0,0.0,1616.0,129.0,0.0,04-12-2023,,,,
Gaming Monitor,sale,3.0,3515.237707767927,2494.0,27.0,70.30475415535854,17-06-2023,,,,
Laptop Stand,sale,3.0,1160.6675122526628,909.0,37.0,23.213350245053256,23-10-2023,,,,
Gaming Monitor,sale,4.0,3169.656116406073,2600.0,20.0,63.393122328121464,30-09-2023,,,,
USB-C Hub,sale,1.0,959.4559544700037,786.0,48.0,19.189119089400073,17-03-2023,,,,
Noise Cancelling Headphones,purchase,84.0,0.0,1023.0,54.0,0.0,21-06-2023,,,,
Bluetooth Speaker,purchase,65.0,0.0,3744.0,134.0,0.0,22-04-2023,,,,
Ethernet Adapter,purchase,27.0,0.0,1470.0,47.0,0.0,08-09-2023,,,,
Bluetooth Speaker,sale,3.0,5121.7670869972835,3169.0,40.0,102.43534173994567,16-05-2023,,,,
Bluetooth Speaker,sale,2.0,3479.62798939134,2216.0,40.0,69.5925597878268,19-10-2023,,,,
USB-C Hub,sale,3.0,788.2209241887888,560.0,33.0,15.764418483775776,10-09-2023,,,,
Mechanical Keyboard,purchase,14.0,0.0,4258.0,113.0,0.0,28-01-2023,,,,
Gaming Monitor,purchase,44.0,0.0,620.0,23.0,0.0,20-04-2023,,,,
Gaming Monitor,sale,1.0,2836.191681521971,1894.0,11.0,56.72383363043942,23-10-2023,,,,
Wireless Mouse,sale,3.0,4635.918405214914,2694.0,26.0,92.71836810429828,29-07-2023,,,,
Bluetooth Speaker,purchase,19.0,0.0,4140.0,147.0,0.0,20-10-2023,,,,
Bluetooth Speaker,purchase,46.0,0.0,3244.0,34.0,0.0,08-07-2023,,,,
Bluetooth Speaker,purchase,57.0,0.0,2167.0,40.0,0.0,21-07-2023,,,,
Laptop Stand,sale,1.0,2837.96671948313,1969.0,38.0,56.7593343896626,27-05-2023,,,,
Mechanical Keyboard,purchase,20.0,0.0,1505.0,102.0,0.0,06-08-2023,,,,
Wireless Mouse,sale,4.0,3907.9814181663664,2395.0,38.0,78.15962836332733,28-04-2023,,,,
Wireless Mouse,sale,1.0,3768.613828971275,2947.0,18.0,75.3722765794255,07-05-2023,,,,
External SSD,sale,3.0,2445.9507845421585,1801.0,17.0,48.919015690843175,02-11-2023,,,,
Webcam,purchase,96.0,0.0,1284.0,116.0,0.0,14-08-2023,,,,
External SSD,purchase,17.0,0.0,2206.0,92.0,0.0,21-08-2023,,,,
External SSD,purchase,52.0,0.0,3618.0,108.0,0.0,04-12-2023,,,,
External SSD,sale,3.0,3782.575032095324,3091.0,5.0,75.65150064190648,24-12-2023,,,,
Mechanical Keyboard,sale,1.0,6713.3530343999955,4766.0,10.0,134.2670606879999,14-09-2023,,,,
Wireless Mouse,sale,1.0,3986.70450743787,3322.0,40.0,79.7340901487574,03-12-2023,,,,
Laptop Stand,sale,2.0,7155.748659037421,4639.0,41.0,143.11497318074842,22-05-2023,,,,
Ethernet Adapter,sale,2.0,4463.4941056801235,2691.0,12.0,89.26988211360248,10-10-2023,,,,
Wireless Mouse,sale,3.0,2523.8952007495795,1728.0,32.0,50.477904014991594,12-09-2023,,,,
Laptop Stand,sale,2.0,2554.8569688718976,1669.0,24.0,51.097139377437955,24-12-2023,,,,
Wireless Mouse,purchase,3.0,0.0,1845.0,54.0,0.0,25-02-2023,,,,
USB-C Hub,sale,1.0,4876.057159764416,2958.0,24.0,97.52114319528832,10-11-2023,,,,
Ethernet Adapter,purchase,86.0,0.0,2906.0,111.0,0.0,20-04-2023,,,,
Laptop Stand,sale,4.0,7605.004118234935,4351.0,12.0,152.1000823646987,04-10-2023,,,,
External SSD,purchase,81.0,0.0,3966.0,119.0,0.0,12-09-2023,,,,
Noise Cancelling Headphones,sale,4.0,6534.211461003431,4118.0,14.0,130.68422922006863,09-07-2023,,,,
External SSD,sale,3.0,3791.107533392091,2447.0,25.0,75.82215066784183,10-09-2023,,,,
USB-C Hub,purchase,72.0,0.0,4807.0,76.0,0.0,04-06-2023,,,,
USB-C Hub,sale,3.0,4054.476619504395,2983.0,41.0,81.0895323900879,18-12-2023,,,,
Webcam,sale,2.0,2260.5591705156594,1647.0,32.0,45.21118341031319,12-06-2023,,,,
Mechanical Keyboard,purchase,74.0,0.0,3360.0,30.0,0.0,03-09-2023,,,,
Noise Cancelling Headphones,sale,1.0,4840.714677016233,2891.0,16.0,96.81429354032466,15-07-2023,,,,
Gaming Monitor,sale,1.0,2068.1689221448823,1206.0,8.0,41.36337844289765,05-12-2023,,,,
Webcam,sale,2.0,4872.783828422195,2971.0,13.0,97.4556765684439,31-05-2023,,,,
Ethernet Adapter,sale,1.0,5748.489412114623,3257.0,26.0,114.96978824229245,24-10-2023,,,,
Mechanical Keyboard,sale,1.0,5510.092117734714,3973.0,17.0,110.20184235469428,22-04-2023,,,,
Laptop Stand,sale,3.0,2202.101338653688,1811.0,29.0,44.04202677307376,28-02-2023,,,,
Wireless Mouse,sale,1.0,4340.19662051187,2989.0,42.0,86.8039324102374,11-02-2023,,,,
Webcam,sale,4.0,4315.411043738397,2539.0,48.0,86.30822087476794,18-02-2023,,,,
USB-C Hub,sale,3.0,5988.692464662286,3480.0,39.0,119.77384929324572,19-05-2023,,,,
Wireless Mouse,sale,4.0,2499.750013420456,1663.0,24.0,49.99500026840912,18-01-2023,,,,
Mechanical Keyboard,sale,4.0,2845.402086487276,1916.0,9.0,56.90804172974552,24-12-2023,,,,
Laptop Stand,sale,2.0,1276.809263201014,805.0,49.0,25.53618526402028,06-12-2023,,,,
Bluetooth Speaker,purchase,80.0,0.0,4474.0,58.0,0.0,01-10-2023,,,,
Laptop Stand,purchase,50.0,0.0,4993.0,102.0,0.0,01-01-2023,,,,
External SSD,sale,4.0,2750.308321595162,1953.0,48.0,55.00616643190324,26-06-2023,,,,
Laptop Stand,sale,1.0,7880.468031104271,4687.0,16.0,157.60936062208543,15-08-2023,,,,
Bluetooth Speaker,sale,1.0,5210.876609975399,2993.0,16.0,104.21753219950799,13-09-2023,,,,
Noise Cancelling Headphones,sale,2.0,4610.891713634071,3677.0,36.0,92.21783427268142,14-07-2023,,,,
Wireless Mouse,sale,1.0,5140.442507301566,3394.0,18.0,102.80885014603133,19-12-2023,,,,
Noise Cancelling Headphones,purchase,27.0,0.0,1919.0,46.0,0.0,09-12-2023,,,,
Ethernet Adapter,sale,1.0,4927.69648495367,3531.0,38.0,98.5539296990734,23-10-2023,,,,
Webcam,purchase,23.0,0.0,3538.0,37.0,0.0,26-08-2023,,,,
Wireless Mouse,sale,1.0,6127.4945062551,3817.0,20.0,122.549890125102,12-12-2023,,,,
External SSD,purchase,27.0,0.0,932.0,102.0,0.0,14-12-2023,,,,
Gaming Monitor,purchase,72.0,0.0,1945.0,142.0,0.0,25-06-2023,,,,
Webcam,sale,4.0,2039.332923289999,1532.0,40.0,40.78665846579998,16-04-2023,,,,
Mechanical Keyboard,purchase,82.0,0.0,1547.0,91.0,0.0,23-04-2023,,,,
Noise Cancelling Headphones,sale,1.0,5016.703159014647,3440.0,24.0,100.33406318029294,04-03-2023,,,,
Ethernet Adapter,sale,3.0,6180.284206113144,4659.0,26.0,123.60568412226289,11-11-2023,,,,
External SSD,sale,3.0,7744.03188969754,4642.0,21.0,154.8806377939508,29-05-2023,,,,
Gaming Monitor,purchase,76.0,0.0,4481.0,132.0,0.0,01-07-2023,,,,
Bluetooth Speaker,purchase,37.0,0.0,3454.0,38.0,0.0,24-05-2023,,,,
Noise Cancelling Headphones,sale,1.0,6246.692394737169,3984.0,31.0,124.93384789474338,03-02-2023,,,,
Wireless Mouse,sale,4.0,2515.9402438712937,1894.0,18.0,50.318804877425876,22-09-2023,,,,
Mechanical Keyboard,purchase,25.0,0.0,3990.0,26.0,0.0,24-03-2023,,,,
Noise Cancelling Headphones,purchase,68.0,0.0,4683.0,40.0,0.0,11-09-2023,,,,
Webcam,sale,1.0,4531.364190850214,3462.0,25.0,90.62728381700428,09-12-2023,,,,
Noise Cancelling Headphones,purchase,84.0,0.0,2254.0,145.0,0.0,06-05-2023,,,,
Bluetooth Speaker,sale,4.0,3983.587690314654,2258.0,20.0,79.67175380629308,27-11-2023,,,,
Ethernet Adapter,sale,1.0,4282.701706219908,2915.0,5.0,85.65403412439817,06-10-2023,,,,
Laptop Stand,sale,4.0,2302.0433344297453,1627.0,21.0,46.04086668859491,03-03-2023,,,,
Gaming Monitor,sale,4.0,8184.775680148053,4938.0,38.0,163.69551360296106,20-11-2023,,,,
USB-C Hub,sale,1.0,914.0674258090853,705.0,40.0,18.281348516181705,10-10-2023,,,,
Laptop Stand,sale,2.0,1518.341589433959,852.0,39.0,30.36683178867918,26-05-2023,,,,
Gaming Monitor,sale,2.0,7010.68316269348,4477.0,44.0,140.2136632538696,04-04-2023,,,,
Noise Cancelling Headphones,purchase,77.0,0.0,2784.0,48.0,0.0,10-02-2023,,,,
Ethernet Adapter,purchase,46.0,0.0,2015.0,70.0,0.0,28-12-2023,,,,
Wireless Mouse,purchase,85.0,0.0,3372.0,46.0,0.0,27-12-2023,,,,
Ethernet Adapter,sale,3.0,3252.115241605153,2702.0,9.0,65.04230483210307,31-10-2023,,,,
Wireless Mouse,sale,2.0,3542.5420757794373,2172.0,33.0,70.85084151558874,23-02-2023,,,,
Noise Cancelling Headphones,sale,1.0,711.581868812908,519.0,18.0,14.231637376258162,30-12-2023,,,,
Noise Cancelling Headphones,sale,1.0,3277.4361810687174,2722.0,16.0,65.54872362137435,17-11-2023,,,,
Webcam,purchase,23.0,0.0,3003.0,11.0,0.0,23-07-2023,,,,
Webcam,sale,3.0,4176.229361945164,2495.0,25.0,83.52458723890328,03-07-2023,,,,
External SSD,sale,1.0,3236.0989319054615,2248.0,39.0,64.72197863810923,22-04-2023,,,,
USB-C Hub,sale,4.0,2271.831205049537,1333.0,38.0,45.43662410099074,15-04-2023,,,,
Laptop Stand,sale,4.0,8496.035064992135,4973.0,8.0,169.9207012998427,23-11-2023,,,,
Gaming Monitor,purchase,65.0,0.0,2928.0,64.0,0.0,14-12-2023,,,,
Mechanical Keyboard,sale,2.0,1963.3207073546691,1152.0,35.0,39.266414147093386,25-10-2023,,,,
Webcam,sale,2.0,5179.520923995358,4128.0,27.0,103.59041847990717,27-06-2023,,,,
Gaming Monitor,sale,3.0,4213.0857432284965,3329.0,7.0,84.26171486456994,24-10-2023,,,,
Laptop Stand,purchase,18.0,0.0,1847.0,110.0,0.0,10-10-2023,,,,
External SSD,purchase,96.0,0.0,1002.0,135.0,0.0,16-01-2023,,,,
USB-C Hub,purchase,22.0,0.0,1597.0,128.0,0.0,06-08-2023,,,,
Laptop Stand,purchase,95.0,0.0,4964.0,95.0,0.0,30-07-2023,,,,
Noise Cancelling Headphones,sale,2.0,1934.152710695124,1187.0,41.0,38.68305421390248,15-07-2023,,,,
Webcam,sale,1.0,1947.4501108715476,1506.0,39.0,38.94900221743095,22-03-2023,,,,
Webcam,sale,3.0,5166.418281171472,3348.0,22.0,103.32836562342943,14-07-2023,,,,
Gaming Monitor,purchase,94.0,0.0,3061.0,54.0,0.0,22-07-2023,,,,
Webcam,sale,3.0,6198.027401555389,4107.0,13.0,123.96054803110778,02-06-2023,,,,
Bluetooth Speaker,sale,2.0,3188.085769838128,1862.0,14.0,63.76171539676256,06-11-2023,,,,
Bluetooth Speaker,purchase,33.0,0.0,3837.0,124.0,0.0,15-02-2023,,,,
External SSD,purchase,28.0,0.0,3829.0,117.0,0.0,05-02-2023,,,,
Ethernet Adapter,purchase,44.0,0.0,1093.0,31.0,0.0,22-05-2023,,,,
Mechanical Keyboard,sale,4.0,3793.0528662987185,2905.0,25.0,75.86105732597437,25-09-2023,,,,
Wireless Mouse,sale,1.0,3002.2794016832127,2501.0,34.0,60.04558803366425,23-03-2023,,,,
External SSD,sale,4.0,6972.123280866524,4220.0,40.0,139.44246561733047,10-11-2023,,,,
Webcam,sale,1.0,5868.118479173971,3468.0,6.0,117.36236958347942,21-05-2023,,,,
Webcam,sale,1.0,5042.534982567677,3067.0,18.0,100.85069965135354,07-02-2023,,,,
USB-C Hub,purchase,4.0,0.0,1262.0,129.0,0.0,06-12-2023,,,,
Mechanical Keyboard,sale,4.0,850.051599331618,584.0,36.0,17.001031986632363,14-01-2023,,,,
Gaming Monitor,purchase,3.0,0.0,1113.0,94.0,0.0,18-08-2023,,,,
Gaming Monitor,sale,2.0,2455.9239351738165,1913.0,49.0,49.118478703476335,05-04-2023,,,,
Ethernet Adapter,sale,3.0,2486.82725971925,1504.0,30.0,49.736545194385,02-07-2023,,,,
USB-C Hub,sale,2.0,3518.324317846286,2287.0,25.0,70.36648635692572,15-07-2023,,,,
Noise Cancelling Headphones,sale,1.0,3776.918056340404,2862.0,20.0,75.53836112680808,26-08-2023,,,,
Bluetooth Speaker,sale,2.0,5751.582438344433,3426.0,13.0,115.03164876688867,23-11-2023,,,,
Laptop Stand,sale,1.0,1404.3007519437479,842.0,38.0,28.086015038874958,22-02-2023,,,,
Laptop Stand,sale,4.0,3487.6809560633023,2168.0,45.0,69.75361912126606,18-08-2023,,,,
Ethernet Adapter,sale,1.0,4393.851741133551,3142.0,23.0,87.877034822671,20-03-2023,,,,
Wireless Mouse,purchase,52.0,0.0,1780.0,66.0,0.0,08-09-2023,,,,
Wireless Mouse,sale,1.0,831.0093519100895,621.0,47.0,16.62018703820179,24-12-2023,,,,
Gaming Monitor,sale,3.0,3006.5378051515386,2487.0,45.0,60.13075610303077,02-07-2023,,,,
External SSD,purchase,25.0,0.0,1345.0,116.0,0.0,23-10-2023,,,,
Mechanical Keyboard,sale,3.0,974.641023417906,568.0,16.0,19.492820468358122,31-10-2023,,,,
Ethernet Adapter,sale,1.0,7090.143373957493,4314.0,11.0,141.80286747914985,05-06-2023,,,,
Webcam,purchase,87.0,0.0,1229.0,114.0,0.0,22-10-2023,,,,
External SSD,purchase,38.0,0.0,3180.0,12.0,0.0,04-10-2023,,,,
External SSD,purchase,72.0,0.0,1371.0,121.0,0.0,25-11-2023,,,,
Gaming Monitor,sale,2.0,1285.1086691551936,937.0,24.0,25.702173383103872,08-05-2023,,,,
Noise Cancelling Headphones,sale,3.0,2291.2460193359116,1459.0,30.0,45.82492038671823,22-11-2023,,,,
Mechanical Keyboard,sale,4.0,603.9513321754783,503.0,5.0,12.079026643509566,11-07-2023,,,,
Bluetooth Speaker,sale,3.0,2105.0406404623814,1624.0,48.0,42.10081280924763,09-01-2023,,,,
Mechanical Keyboard,sale,2.0,5286.337580943935,3329.0,6.0,105.7267516188787,23-10-2023,,,,
Bluetooth Speaker,purchase,97.0,0.0,1175.0,68.0,0.0,29-12-2023,,,,
Ethernet Adapter,sale,1.0,6785.87318100975,3959.0,19.0,135.717463620195,15-11-2023,,,,
USB-C Hub,sale,3.0,4385.516577164844,2567.0,17.0,87.71033154329689,05-09-2023,,,,
Wireless Mouse,sale,4.0,4680.5332914921755,3107.0,38.0,93.61066582984351,12-03-2023,,,,
Laptop Stand,sale,1.0,4640.411716159419,3497.0,29.0,92.80823432318837,08-04-2023,,,,
USB-C Hub,sale,2.0,7567.240092103522,4258.0,35.0,151.34480184207044,25-09-2023,,,,
Bluetooth Speaker,sale,2.0,4098.251064490933,2322.0,18.0,81.96502128981865,25-05-2023,,,,
Webcam,sale,1.0,2220.6007833523418,1319.0,20.0,44.41201566704684,07-12-2023,,,,
Noise Cancelling Headphones,sale,1.0,2172.9515800510153,1282.0,29.0,43.45903160102031,01-07-2023,,,,
Noise Cancelling Headphones,sale,1.0,4212.815177358376,2662.0,18.0,84.25630354716752,17-10-2023,,,,
USB-C Hub,sale,2.0,4663.634717280497,2689.0,32.0,93.27269434560995,15-09-2023,,,,
Wireless Mouse,purchase,47.0,0.0,2408.0,130.0,0.0,11-07-2023,,,,
Mechanical Keyboard,sale,4.0,4636.558664244696,3616.0,42.0,92.73117328489393,30-04-2023,,,,
Bluetooth Speaker,sale,3.0,5952.672854119778,3836.0,15.0,119.05345708239557,25-11-2023,,,,
Bluetooth Speaker,sale,4.0,1459.827291500281,934.0,21.0,29.196545830005622,26-03-2023,,,,
Laptop Stand,sale,4.0,2190.942624803444,1725.0,19.0,43.81885249606888,28-06-2023,,,,
Mechanical Keyboard,sale,3.0,1748.323813574569,1082.0,12.0,34.96647627149138,19-02-2023,,,,
Bluetooth Speaker,sale,4.0,4518.469159461881,3763.0,29.0,90.36938318923761,04-02-2023,,,,
Laptop Stand,sale,4.0,5175.738551529105,3223.0,6.0,103.51477103058211,20-04-2023,,,,
Noise Cancelling Headphones,purchase,67.0,0.0,4226.0,18.0,0.0,16-08-2023,,,,
Ethernet Adapter,sale,1.0,4775.709598978775,3965.0,8.0,95.5141919795755,10-07-2023,,,,
Gaming Monitor,sale,4.0,2383.9725619614724,1601.0,32.0,47.67945123922945,27-09-2023,,,,
Bluetooth Speaker,purchase,89.0,0.0,1251.0,10.0,0.0,05-10-2023,,,,
Noise Cancelling Headphones,sale,3.0,7308.821378580882,4332.0,15.0,146.17642757161764,09-09-2023,,,,
Bluetooth Speaker,sale,4.0,8174.903460602502,4978.0,19.0,163.49806921205004,31-07-2023,,,,
Gaming Monitor,sale,2.0,3432.0730575081298,2437.0,36.0,68.6414611501626,15-10-2023,,,,
Ethernet Adapter,sale,4.0,630.7555193608964,522.0,37.0,12.615110387217928,19-11-2023,,,,
Webcam,sale,1.0,3362.223156886315,2013.0,49.0,67.2444631377263,17-07-2023,,,,
Laptop Stand,sale,2.0,7330.511235595242,4343.0,29.0,146.61022471190486,06-05-2023,,,,
Noise Cancelling Headphones,sale,3.0,4343.75833910847,2916.0,35.0,86.8751667821694,02-05-2023,,,,
USB-C Hub,purchase,96.0,0.0,1975.0,104.0,0.0,06-03-2023,,,,
USB-C Hub,purchase,51.0,0.0,742.0,141.0,0.0,24-05-2023,,,,
Mechanical Keyboard,sale,3.0,4335.759846951148,2429.0,21.0,86.71519693902296,11-09-2023,,,,
Mechanical Keyboard,sale,2.0,6079.324047646924,3426.0,10.0,121.58648095293847,25-07-2023,,,,
Bluetooth Speaker,purchase,33.0,0.0,4738.0,44.0,0.0,04-11-2023,,,,
Webcam,sale,4.0,2090.9572390234707,1471.0,22.0,41.819144780469415,13-04-2023,,,,
Mechanical Keyboard,sale,2.0,5819.588448315218,3856.0,29.0,116.39176896630435,05-06-2023,,,,
Wireless Mouse,sale,2.0,2213.8536497511586,1521.0,44.0,44.277072995023175,02-09-2023,,,,
Webcam,purchase,81.0,0.0,1935.0,15.0,0.0,28-06-2023,,,,
Mechanical Keyboard,purchase,54.0,0.0,1263.0,113.0,0.0,09-02-2023,,,,
External SSD,sale,2.0,6017.047167902972,4429.0,23.0,120.34094335805945,10-09-2023,,,,
Mechanical Keyboard,sale,2.0,666.7855292864091,538.0,16.0,13.335710585728181,28-04-2023,,,,
Laptop Stand,sale,4.0,6467.378678496159,4908.0,20.0,129.34757356992318,16-10-2023,,,,
Noise Cancelling Headphones,sale,3.0,4107.209779824263,3219.0,37.0,82.14419559648526,14-04-2023,,,,
Gaming Monitor,sale,4.0,3774.4286736486165,2474.0,8.0,75.48857347297233,02-02-2023,,,,
Wireless Mouse,purchase,2.0,0.0,3173.0,135.0,0.0,03-09-2023,,,,
Laptop Stand,purchase,55.0,0.0,1143.0,95.0,0.0,30-08-2023,,,,
USB-C Hub,sale,2.0,2817.302751964053,1567.0,6.0,56.34605503928106,07-05-2023,,,,
Bluetooth Speaker,sale,2.0,3746.6550018129137,2766.0,39.0,74.93310003625828,17-04-2023,,,,
Ethernet Adapter,sale,1.0,1678.924196310699,1088.0,47.0,33.578483926213984,17-06-2023,,,,
Bluetooth Speaker,sale,3.0,6001.65642962367,4846.0,23.0,120.0331285924734,13-10-2023,,,,
Ethernet Adapter,sale,3.0,3001.2056195787063,2163.0,28.0,60.02411239157413,30-10-2023,,,,
Ethernet Adapter,sale,1.0,1602.3913659491266,942.0,38.0,32.047827318982534,08-11-2023,,,,
Wireless Mouse,purchase,70.0,0.0,1195.0,83.0,0.0,06-03-2023,,,,
Bluetooth Speaker,purchase,69.0,0.0,2685.0,147.0,0.0,04-06-2023,,,,
Gaming Monitor,purchase,37.0,0.0,3786.0,25.0,0.0,24-09-2023,,,,
Bluetooth Speaker,sale,1.0,3135.679043305855,2299.0,27.0,62.7135808661171,18-11-2023,,,,
USB-C Hub,sale,4.0,4925.2432205673895,3546.0,35.0,98.5048644113478,28-06-2023,,,,
USB-C Hub,purchase,78.0,0.0,2268.0,71.0,0.0,07-01-2023,,,,
Laptop Stand,sale,2.0,1080.545658400652,704.0,32.0,21.610913168013038,01-06-2023,,,,
Webcam,sale,1.0,7252.712841587484,4353.0,38.0,145.05425683174968,21-10-2023,,,,
Gaming Monitor,sale,2.0,2708.871006660114,2091.0,23.0,54.177420133202276,19-09-2023,,,,
Bluetooth Speaker,sale,2.0,1923.6224137999916,1337.0,27.0,38.47244827599983,13-10-2023,,,,
Mechanical Keyboard,purchase,76.0,0.0,1794.0,122.0,0.0,17-02-2023,,,,
Noise Cancelling Headphones,sale,4.0,2336.8168885024247,1559.0,18.0,46.73633777004849,21-09-2023,,,,
Laptop Stand,purchase,55.0,0.0,3847.0,88.0,0.0,23-04-2023,,,,
USB-C Hub,sale,1.0,1678.150142274747,1217.0,5.0,33.56300284549494,01-04-2023,,,,
Laptop Stand,purchase,34.0,0.0,3369.0,19.0,0.0,25-10-2023,,,,
Webcam,sale,1.0,2167.581533927339,1480.0,37.0,43.35163067854678,17-03-2023,,,,
External SSD,purchase,19.0,0.0,3768.0,49.0,0.0,12-02-2023,,,,
Ethernet Adapter,purchase,7.0,0.0,2174.0,24.0,0.0,27-04-2023,,,,
External SSD,sale,4.0,5467.510192408744,3069.0,41.0,109.35020384817489,21-10-2023,,,,
USB-C Hub,sale,2.0,2289.134528508107,1515.0,7.0,45.78269057016214,17-12-2023,,,,
Noise Cancelling Headphones,sale,3.0,4098.805699676904,2722.0,38.0,81.97611399353808,21-02-2023,,,,
Wireless Mouse,sale,1.0,4669.879503570567,3206.0,16.0,93.39759007141134,11-02-2023,,,,
Ethernet Adapter,sale,3.0,7782.020341421348,4944.0,29.0,155.64040682842696,06-11-2023,,,,
Gaming Monitor,sale,3.0,5909.941228399564,3445.0,39.0,118.1988245679913,27-04-2023,,,,
Wireless Mouse,sale,2.0,1038.4186487872994,807.0,26.0,20.768372975745987,05-07-2023,,,,
Bluetooth Speaker,sale,2.0,4260.781898174515,2395.0,23.0,85.2156379634903,19-11-2023,,,,
External SSD,sale,3.0,971.9424088201613,587.0,23.0,19.438848176403226,29-06-2023,,,,
External SSD,sale,2.0,7263.384207885512,4517.0,39.0,145.26768415771025,31-01-2023,,,,
Gaming Monitor,sale,4.0,1963.036131866571,1610.0,38.0,39.26072263733142,24-04-2023,,,,
USB-C Hub,purchase,37.0,0.0,733.0,44.0,0.0,28-12-2023,,,,
Webcam,sale,1.0,4204.574459056361,2754.0,40.0,84.09148918112722,10-06-2023,,,,
Bluetooth Speaker,sale,4.0,5954.701568530931,4859.0,18.0,119.09403137061861,28-08-2023,,,,
Ethernet Adapter,purchase,80.0,0.0,4869.0,109.0,0.0,23-05-2023,,,,
Gaming Monitor,sale,3.0,1640.755921764905,1326.0,46.0,32.8151184352981,18-08-2023,,,,
Webcam,sale,3.0,7787.012190476586,4818.0,30.0,155.7402438095317,30-08-2023,,,,
USB-C Hub,sale,4.0,4162.129991126726,2703.0,40.0,83.24259982253453,20-10-2023,,,,
USB-C Hub,sale,3.0,7821.378371036887,4693.0,8.0,156.42756742073774,24-06-2023,,,,
Mechanical Keyboard,sale,4.0,3994.452794993614,2995.0,37.0,79.88905589987229,04-01-2023,,,,
External SSD,purchase,62.0,0.0,515.0,75.0,0.0,24-02-2023,,,,
Mechanical Keyboard,purchase,17.0,0.0,4206.0,147.0,0.0,27-04-2023,,,,
Laptop Stand,sale,3.0,5097.80185618395,3322.0,15.0,101.956037123679,11-11-2023,,,,
Mechanical Keyboard,purchase,52.0,0.0,2801.0,108.0,0.0,25-10-2023,,,,
USB-C Hub,sale,2.0,4266.074848284159,3159.0,38.0,85.32149696568318,03-12-2023,,,,
USB-C Hub,sale,3.0,5098.700636775682,3696.0,35.0,101.97401273551364,22-10-2023,,,,
Mechanical Keyboard,sale,3.0,1505.481342950715,951.0,9.0,30.109626859014302,03-12-2023,,,,
Ethernet Adapter,purchase,56.0,0.0,4683.0,133.0,0.0,13-04-2023,,,,
USB-C Hub,sale,1.0,5846.871485032449,4683.0,44.0,116.93742970064898,17-12-2023,,,,
Webcam,sale,2.0,4401.290926129598,3028.0,42.0,88.02581852259196,03-12-2023,,,,
External SSD,sale,2.0,4390.038926241813,3358.0,9.0,87.80077852483626,21-02-2023,,,,
Noise Cancelling Headphones,sale,1.0,5652.436275505046,3581.0,47.0,113.04872551010092,08-08-2023,,,,
USB-C Hub,sale,4.0,4615.7039550304935,3065.0,49.0,92.31407910060987,31-03-2023,,,,
Bluetooth Speaker,sale,4.0,4911.26142114363,3766.0,19.0,98.2252284228726,08-04-2023,,,,
Mechanical Keyboard,sale,2.0,4763.891429335493,2769.0,7.0,95.27782858670986,10-10-2023,,,,
Bluetooth Speaker,purchase,35.0,0.0,1328.0,39.0,0.0,30-12-2023,,,,
Bluetooth Speaker,sale,1.0,1936.8508935797918,1425.0,31.0,38.73701787159584,01-11-2023,,,,
Webcam,sale,4.0,7903.936042159262,4695.0,5.0,158.07872084318524,24-07-2023,,,,
Mechanical Keyboard,purchase,21.0,0.0,2210.0,35.0,0.0,27-03-2023,,,,
Noise Cancelling Headphones,sale,4.0,5542.813470372868,3202.0,14.0,110.85626940745738,01-10-2023,,,,
Ethernet Adapter,purchase,93.0,0.0,1309.0,88.0,0.0,04-02-2023,,,,
Bluetooth Speaker,sale,4.0,2776.2057374100673,1886.0,8.0,55.52411474820135,21-10-2023,,,,
Gaming Monitor,sale,4.0,4813.924090885898,3320.0,48.0,96.27848181771797,18-11-2023,,,,
Gaming Monitor,sale,3.0,6948.5478657589465,4171.0,27.0,138.97095731517894,03-12-2023,,,,
Laptop Stand,sale,2.0,2613.8198806538608,1831.0,49.0,52.276397613077215,02-12-2023,,,,
Ethernet Adapter,purchase,75.0,0.0,515.0,19.0,0.0,29-08-2023,,,,
USB-C Hub,sale,4.0,2948.6159415823677,2372.0,48.0,58.97231883164736,24-08-2023,,,,
External SSD,sale,2.0,5555.182760311048,4475.0,32.0,111.10365520622096,22-11-2023,,,,
Mechanical Keyboard,purchase,80.0,0.0,2541.0,87.0,0.0,22-06-2023,,,,
Gaming Monitor,purchase,23.0,0.0,4766.0,79.0,0.0,11-09-2023,,,,
Laptop Stand,sale,2.0,6931.893093054564,4808.0,21.0,138.6378618610913,28-03-2023,,,,
External SSD,sale,3.0,7597.632443328563,4534.0,30.0,151.95264886657125,05-04-2023,,,,
Bluetooth Speaker,sale,3.0,7928.844819405901,4989.0,35.0,158.57689638811803,22-10-2023,,,,
Wireless Mouse,purchase,86.0,0.0,2283.0,10.0,0.0,01-03-2023,,,,
Webcam,sale,3.0,4945.0769906964515,2832.0,42.0,98.90153981392903,11-12-2023,,,,
USB-C Hub,sale,1.0,6124.61253728634,4930.0,43.0,122.49225074572679,23-07-2023,,,,
Ethernet Adapter,sale,4.0,6525.160092179752,3898.0,8.0,130.50320184359504,21-02-2023,,,,
Ethernet Adapter,sale,4.0,947.425472860947,690.0,6.0,18.94850945721894,07-05-2023,,,,
Bluetooth Speaker,sale,1.0,4268.507754866454,2744.0,37.0,85.37015509732908,07-05-2023,,,,
Webcam,sale,3.0,3564.9599943805124,2702.0,24.0,71.29919988761024,16-09-2023,,,,
USB-C Hub,sale,3.0,6843.42476727371,4338.0,22.0,136.8684953454742,19-07-2023,,,,
Bluetooth Speaker,sale,2.0,5905.746089871666,3773.0,48.0,118.11492179743333,19-06-2023,,,,
Wireless Mouse,sale,1.0,1870.3982783462825,1276.0,9.0,37.407965566925654,19-01-2023,,,,
Laptop Stand,sale,2.0,3403.031887320268,2272.0,42.0,68.06063774640536,03-02-2023,,,,
Mechanical Keyboard,sale,1.0,6272.396638429807,4988.0,8.0,125.44793276859615,25-10-2023,,,,
External SSD,purchase,95.0,0.0,4605.0,73.0,0.0,17-09-2023,,,,
Ethernet Adapter,purchase,63.0,0.0,1915.0,29.0,0.0,25-01-2023,,,,
Gaming Monitor,sale,1.0,5926.088502236005,3892.0,12.0,118.52177004472011,20-08-2023,,,,
Wireless Mouse,sale,1.0,2364.6112128718505,1527.0,8.0,47.29222425743701,28-12-2023,,,,
Gaming Monitor,sale,3.0,4854.586448607287,3614.0,38.0,97.09172897214575,09-03-2023,,,,
Gaming Monitor,sale,4.0,3236.2805979527034,1912.0,23.0,64.72561195905406,08-06-2023,,,,
Ethernet Adapter,purchase,70.0,0.0,3626.0,131.0,0.0,04-09-2023,,,,
Noise Cancelling Headphones,purchase,9.0,0.0,1151.0,34.0,0.0,24-03-2023,,,,
Noise Cancelling Headphones,purchase,22.0,0.0,2228.0,44.0,0.0,17-05-2023,,,,
External SSD,purchase,4.0,0.0,4518.0,10.0,0.0,15-10-2023,,,,
Mechanical Keyboard,sale,4.0,1836.3655933991288,1112.0,42.0,36.72731186798258,12-10-2023,,,,
Mechanical Keyboard,sale,4.0,2263.6716489901605,1290.0,39.0,45.27343297980321,05-08-2023,,,,
Webcam,sale,2.0,1633.753547135461,923.0,33.0,32.67507094270922,26-02-2023,,,,
Ethernet Adapter,purchase,97.0,0.0,3480.0,92.0,0.0,15-01-2023,,,,
Mechanical Keyboard,sale,1.0,8791.12223385604,4948.0,8.0,175.8224446771208,20-09-2023,,,,
Noise Cancelling Headphones,sale,3.0,4745.403064489979,3333.0,15.0,94.90806128979959,21-06-2023,,,,
Webcam,sale,3.0,5577.235006089557,3569.0,22.0,111.54470012179114,28-03-2023,,,,
USB-C Hub,purchase,30.0,0.0,846.0,99.0,0.0,16-10-2023,,,,
Noise Cancelling Headphones,sale,1.0,2658.1663993029883,1722.0,46.0,53.16332798605977,02-06-2023,,,,
Bluetooth Speaker,sale,1.0,6473.69798685328,3967.0,32.0,129.4739597370656,30-12-2023,,,,
Laptop Stand,sale,4.0,5947.854791971942,4675.0,49.0,118.95709583943885,06-02-2023,,,,
Wireless Mouse,sale,2.0,3401.676536177856,1942.0,25.0,68.03353072355712,02-02-2023,,,,
Mechanical Keyboard,purchase,30.0,0.0,1683.0,129.0,0.0,19-07-2023,,,,
External SSD,purchase,82.0,0.0,634.0,39.0,0.0,09-11-2023,,,,
USB-C Hub,purchase,99.0,0.0,4756.0,130.0,0.0,29-09-2023,,,,
Laptop Stand,purchase,56.0,0.0,3719.0,112.0,0.0,14-07-2023,,,,
Laptop Stand,sale,3.0,3995.322796141671,2596.0,18.0,79.90645592283342,17-08-2023,,,,
Webcam,sale,4.0,2498.5381696887757,1987.0,44.0,49.97076339377551,13-08-2023,,,,
USB-C Hub,sale,2.0,7766.024840336525,4857.0,33.0,155.3204968067305,06-12-2023,,,,
Ethernet Adapter,sale,1.0,7882.438987594205,4700.0,18.0,157.64877975188412,07-06-2023,,,,
Wireless Mouse,purchase,29.0,0.0,1553.0,99.0,0.0,02-11-2023,,,,
External SSD,sale,4.0,6281.686279732545,4001.0,13.0,125.6337255946509,29-09-2023,,,,
Ethernet Adapter,sale,1.0,1862.914352785754,1471.0,40.0,37.25828705571508,28-02-2023,,,,
Mechanical Keyboard,sale,1.0,6729.536744511204,4480.0,18.0,134.5907348902241,23-02-2023,,,,
Laptop Stand,sale,2.0,4770.347069049817,2965.0,20.0,95.40694138099634,15-05-2023,,,,
Bluetooth Speaker,sale,1.0,6836.889845646217,4006.0,25.0,136.73779691292432,03-05-2023,,,,
Mechanical Keyboard,purchase,30.0,0.0,3695.0,31.0,0.0,04-10-2023,,,,
Noise Cancelling Headphones,sale,3.0,3354.2720675040155,2782.0,25.0,67.08544135008032,23-02-2023,,,,
Bluetooth Speaker,purchase,46.0,0.0,3031.0,90.0,0.0,15-08-2023,,,,
Ethernet Adapter,sale,2.0,7196.849239740994,4855.0,24.0,143.93698479481986,09-10-2023,,,,
USB-C Hub,purchase,86.0,0.0,4318.0,96.0,0.0,13-05-2023,,,,
Noise Cancelling Headphones,sale,1.0,5545.136614736617,4610.0,15.0,110.90273229473235,19-06-2023,,,,
Wireless Mouse,purchase,55.0,0.0,3388.0,142.0,0.0,18-03-2023,,,,
Laptop Stand,sale,4.0,7495.3297936458775,4883.0,47.0,149.90659587291756,04-12-2023,,,,
Noise Cancelling Headphones,sale,4.0,2246.717936650321,1516.0,17.0,44.93435873300642,28-06-2023,,,,
Noise Cancelling Headphones,purchase,20.0,0.0,4293.0,140.0,0.0,03-02-2023,,,,
USB-C Hub,purchase,14.0,0.0,3463.0,26.0,0.0,19-11-2023,,,,
Webcam,purchase,9.0,0.0,2255.0,78.0,0.0,18-12-2023,,,,
Gaming Monitor,sale,4.0,2159.343163002117,1249.0,25.0,43.18686326004234,12-04-2023,,,,
Ethernet Adapter,sale,1.0,5699.221125770049,3421.0,47.0,113.98442251540098,24-12-2023,,,,
Noise Cancelling Headphones,purchase,28.0,0.0,730.0,130.0,0.0,18-11-2023,,,,
USB-C Hub,sale,3.0,2028.55201121201,1630.0,7.0,40.5710402242402,20-04-2023,,,,
Webcam,sale,4.0,4720.643553136856,3711.0,32.0,94.41287106273712,13-06-2023,,,,
External SSD,sale,2.0,1949.4796261559288,1454.0,8.0,38.989592523118574,28-05-2023,,,,
External SSD,purchase,17.0,0.0,1706.0,27.0,0.0,11-01-2023,,,,
Gaming Monitor,purchase,58.0,0.0,987.0,41.0,0.0,26-06-2023,,,,
Wireless Mouse,purchase,35.0,0.0,2338.0,80.0,0.0,26-09-2023,,,,
USB-C Hub,sale,3.0,1776.1025687147433,1277.0,41.0,35.52205137429487,14-03-2023,,,,
Webcam,purchase,76.0,0.0,2605.0,108.0,0.0,03-06-2023,,,,
Mechanical Keyboard,sale,2.0,920.2247419569967,647.0,8.0,18.404494839139936,09-07-2023,,,,
Wireless Mouse,sale,4.0,4212.241519473729,2712.0,27.0,84.24483038947457,27-09-2023,,,,
Wireless Mouse,sale,4.0,3726.068005466079,2635.0,13.0,74.52136010932158,10-03-2023,,,,
Ethernet Adapter,sale,1.0,5943.042394090371,4675.0,30.0,118.86084788180743,03-11-2023,,,,
Webcam,purchase,9.0,0.0,4722.0,126.0,0.0,11-06-2023,,,,
Noise Cancelling Headphones,sale,3.0,5173.636591094785,3635.0,48.0,103.4727318218957,19-04-2023,,,,
Gaming Monitor,sale,2.0,5727.28177140496,3674.0,20.0,114.5456354280992,20-12-2023,,,,
Bluetooth Speaker,purchase,21.0,0.0,3146.0,24.0,0.0,15-01-2023,,,,
Laptop Stand,sale,3.0,2308.3953409788774,1838.0,15.0,46.167906819577546,31-10-2023,,,,
Gaming Monitor,sale,3.0,1278.2916886632406,859.0,20.0,25.565833773264814,13-01-2023,,,,
Gaming Monitor,sale,3.0,4520.098072534915,3346.0,9.0,90.40196145069831,25-03-2023,,,,
Bluetooth Speaker,sale,4.0,6962.375945021099,4861.0,35.0,139.247518900422,31-05-2023,,,,
External SSD,purchase,43.0,0.0,4058.0,107.0,0.0,10-10-2023,,,,
Laptop Stand,sale,3.0,2554.8411586680477,2033.0,43.0,51.09682317336095,20-07-2023,,,,
Gaming Monitor,purchase,48.0,0.0,784.0,33.0,0.0,11-05-2023,,,,
Webcam,sale,1.0,4688.085624995771,2833.0,22.0,93.76171249991542,06-06-2023,,,,
Ethernet Adapter,purchase,49.0,0.0,1511.0,108.0,0.0,31-03-2023,,,,
Laptop Stand,purchase,78.0,0.0,1681.0,17.0,0.0,03-07-2023,,,,
Wireless Mouse,sale,2.0,4497.294131294665,2554.0,24.0,89.9458826258933,30-04-2023,,,,
Laptop Stand,sale,3.0,1903.1986889519687,1381.0,28.0,38.06397377903937,07-08-2023,,,,
Bluetooth Speaker,purchase,30.0,0.0,4467.0,113.0,0.0,08-02-2023,,,,
Mechanical Keyboard,purchase,49.0,0.0,3175.0,52.0,0.0,31-05-2023,,,,
Bluetooth Speaker,sale,2.0,7057.62346923506,4419.0,13.0,141.1524693847012,13-05-2023,,,,
Webcam,sale,4.0,7905.362126738146,4882.0,28.0,158.10724253476292,17-08-2023,,,,
Bluetooth Speaker,sale,2.0,5228.681453408585,3321.0,38.0,104.57362906817171,02-02-2023,,,,
Mechanical Keyboard,purchase,97.0,0.0,1822.0,113.0,0.0,15-04-2023,,,,
Gaming Monitor,sale,3.0,763.221434437259,560.0,34.0,15.264428688745179,14-07-2023,,,,
Laptop Stand,sale,4.0,1901.8196721500813,1165.0,27.0,38.03639344300163,04-04-2023,,,,
Wireless Mouse,sale,1.0,5259.785810065879,3312.0,29.0,105.19571620131758,22-10-2023,,,,
External SSD,sale,2.0,4832.192213039847,3451.0,24.0,96.64384426079694,06-11-2023,,,,
External SSD,sale,2.0,6221.317630843823,4448.0,13.0,124.42635261687647,29-03-2023,,,,
Webcam,sale,3.0,2556.966139019287,1494.0,6.0,51.13932278038574,17-04-2023,,,,
Bluetooth Speaker,sale,2.0,4042.442090829299,2732.0,12.0,80.84884181658599,15-12-2023,,,,
Laptop Stand,sale,2.0,7223.659569062278,4602.0,20.0,144.47319138124556,01-06-2023,,,,
USB-C Hub,sale,4.0,6898.390902252441,4099.0,30.0,137.96781804504883,12-12-2023,,,,
Laptop Stand,sale,2.0,3510.3055148642547,2079.0,21.0,70.2061102972851,09-07-2023,,,,
Wireless Mouse,sale,1.0,4366.802740973821,2816.0,19.0,87.33605481947642,22-07-2023,,,,
Mechanical Keyboard,sale,4.0,2215.939395244617,1232.0,43.0,44.318787904892346,29-08-2023,,,,
Webcam,sale,3.0,7762.849272376345,4681.0,19.0,155.2569854475269,28-02-2023,,,,
Gaming Monitor,sale,4.0,2284.2361687728016,1384.0,24.0,45.68472337545603,23-07-2023,,,,
USB-C Hub,sale,3.0,5474.704386642419,3533.0,32.0,109.49408773284839,20-05-2023,,,,
Ethernet Adapter,sale,4.0,1403.8041788760445,1168.0,12.0,28.07608357752089,10-03-2023,,,,
Noise Cancelling Headphones,sale,3.0,3910.3367603748425,2245.0,19.0,78.20673520749685,22-11-2023,,,,
Bluetooth Speaker,purchase,58.0,0.0,3228.0,52.0,0.0,06-12-2023,,,,
Ethernet Adapter,sale,2.0,4444.4821940595075,3318.0,41.0,88.88964388119015,07-02-2023,,,,
Noise Cancelling Headphones,purchase,13.0,0.0,2324.0,11.0,0.0,04-03-2023,,,,
Bluetooth Speaker,sale,4.0,4807.844299768841,3740.0,25.0,96.15688599537681,25-07-2023,,,,
Ethernet Adapter,purchase,28.0,0.0,4115.0,57.0,0.0,01-05-2023,,,,
Noise Cancelling Headphones,sale,3.0,1536.267193583599,1246.0,23.0,30.72534387167198,14-05-2023,,,,
Laptop Stand,sale,4.0,6275.284418261442,4254.0,30.0,125.50568836522883,02-07-2023,,,,
Webcam,purchase,43.0,0.0,3059.0,120.0,0.0,04-02-2023,,,,
Webcam,sale,1.0,5347.189934418664,3198.0,16.0,106.94379868837328,28-04-2023,,,,
Laptop Stand,sale,2.0,1812.7247778729434,1361.0,30.0,36.25449555745887,08-09-2023,,,,
Laptop Stand,sale,4.0,4247.042393806346,3148.0,45.0,84.94084787612692,06-07-2023,,,,
Mechanical Keyboard,sale,2.0,1891.089205304032,1130.0,46.0,37.82178410608064,18-05-2023,,,,
Gaming Monitor,sale,1.0,4446.563755067988,3584.0,34.0,88.93127510135976,12-01-2023,,,,
Laptop Stand,sale,1.0,7262.496410199653,4130.0,10.0,145.24992820399305,16-09-2023,,,,
Laptop Stand,purchase,36.0,0.0,4352.0,86.0,0.0,18-01-2023,,,,
Wireless Mouse,purchase,55.0,0.0,1210.0,16.0,0.0,27-07-2023,,,,
Wireless Mouse,purchase,36.0,0.0,3963.0,84.0,0.0,08-03-2023,,,,
Bluetooth Speaker,sale,2.0,2160.2583533195143,1526.0,48.0,43.20516706639029,01-10-2023,,,,
Laptop Stand,purchase,45.0,0.0,4213.0,95.0,0.0,31-07-2023,,,,
Laptop Stand,sale,3.0,4372.7006060722515,3009.0,9.0,87.45401212144503,02-05-2023,,,,
Mechanical Keyboard,sale,1.0,4821.152904595958,3361.0,48.0,96.42305809191916,08-01-2023,,,,
Wireless Mouse,sale,1.0,5455.4054505886315,3597.0,15.0,109.10810901177263,29-08-2023,,,,
Gaming Monitor,sale,2.0,5186.025742668539,3722.0,5.0,103.72051485337079,04-06-2023,,,,
External SSD,sale,4.0,1606.769491778134,1095.0,16.0,32.13538983556268,12-04-2023,,,,
Webcam,purchase,7.0,0.0,3988.0,57.0,0.0,09-11-2023,,,,
USB-C Hub,sale,1.0,6015.5481523987055,4790.0,24.0,120.31096304797411,16-01-2023,,,,
USB-C Hub,purchase,69.0,0.0,1513.0,38.0,0.0,27-05-2023,,,,
Laptop Stand,sale,4.0,5599.585053595733,3196.0,26.0,111.99170107191468,28-04-2023,,,,
Ethernet Adapter,sale,2.0,679.9758060791947,524.0,36.0,13.599516121583894,10-02-2023,,,,
Ethernet Adapter,sale,2.0,5164.779720591328,3822.0,14.0,103.29559441182657,29-05-2023,,,,
Bluetooth Speaker,sale,2.0,1542.362393012506,903.0,25.0,30.847247860250118,09-03-2023,,,,
Mechanical Keyboard,sale,4.0,8196.27030879218,4583.0,14.0,163.9254061758436,30-11-2023,,,,
Noise Cancelling Headphones,sale,1.0,5137.481882988207,2869.0,48.0,102.74963765976415,02-06-2023,,,,
Mechanical Keyboard,sale,2.0,4575.5422290242805,2867.0,13.0,91.51084458048561,15-07-2023,,,,
Ethernet Adapter,purchase,32.0,0.0,1137.0,84.0,0.0,10-08-2023,,,,
Gaming Monitor,sale,4.0,7803.104897932008,4723.0,23.0,156.06209795864015,14-01-2023,,,,
Mechanical Keyboard,sale,1.0,4716.966073524626,2669.0,39.0,94.33932147049252,19-10-2023,,,,
Webcam,sale,1.0,3556.2888510558705,2462.0,48.0,71.12577702111741,14-08-2023,,,,
Laptop Stand,sale,1.0,2361.030174126771,1948.0,25.0,47.22060348253542,07-02-2023,,,,
Laptop Stand,sale,2.0,2830.812634691235,1922.0,17.0,56.6162526938247,09-05-2023,,,,
Ethernet Adapter,sale,4.0,2363.355617687734,1905.0,28.0,47.26711235375468,25-05-2023,,,,
Laptop Stand,purchase,94.0,0.0,3624.0,126.0,0.0,09-12-2023,,,,
USB-C Hub,sale,3.0,2663.025085059818,1568.0,48.0,53.26050170119636,07-02-2023,,,,
Wireless Mouse,sale,1.0,2905.252570271057,2078.0,37.0,58.105051405421136,10-06-2023,,,,
Wireless Mouse,purchase,7.0,0.0,3535.0,122.0,0.0,31-12-2023,,,,
USB-C Hub,purchase,33.0,0.0,1732.0,25.0,0.0,12-03-2023,,,,
Bluetooth Speaker,purchase,46.0,0.0,1241.0,127.0,0.0,19-11-2023,,,,
Mechanical Keyboard,sale,3.0,4752.547229619582,3550.0,30.0,95.05094459239164,20-12-2023,,,,
External SSD,sale,4.0,3246.992162976876,2111.0,19.0,64.93984325953753,06-11-2023,,,,
Gaming Monitor,purchase,52.0,0.0,3320.0,109.0,0.0,16-07-2023,,,,
Bluetooth Speaker,sale,1.0,4203.940636257893,3417.0,14.0,84.07881272515786,01-07-2023,,,,
Bluetooth Speaker,sale,3.0,1041.2283829364283,596.0,43.0,20.824567658728565,23-10-2023,,,,
Gaming Monitor,sale,2.0,795.8750097078533,534.0,12.0,15.917500194157068,23-08-2023,,,,
Bluetooth Speaker,purchase,91.0,0.0,1017.0,124.0,0.0,10-12-2023,,,,
Bluetooth Speaker,purchase,35.0,0.0,3090.0,61.0,0.0,08-01-2023,,,,
USB-C Hub,sale,1.0,1221.7620851209656,1016.0,6.0,24.43524170241931,25-07-2023,,,,
Bluetooth Speaker,purchase,77.0,0.0,1613.0,47.0,0.0,26-03-2023,,,,
Gaming Monitor,sale,2.0,7229.515529483884,4430.0,23.0,144.5903105896777,05-02-2023,,,,
Bluetooth Speaker,sale,4.0,5875.439743984325,3396.0,14.0,117.5087948796865,18-02-2023,,,,
Wireless Mouse,sale,2.0,1266.6585998489627,953.0,35.0,25.333171996979253,09-03-2023,,,,
Gaming Monitor,sale,1.0,2402.383932617921,1695.0,12.0,48.04767865235842,02-03-2023,,,,
USB-C Hub,sale,3.0,3243.133230787898,2360.0,47.0,64.86266461575796,07-01-2023,,,,
USB-C Hub,sale,3.0,6399.317740669162,4006.0,38.0,127.98635481338324,22-05-2023,,,,
Ethernet Adapter,sale,3.0,1707.4141281978775,982.0,43.0,34.14828256395755,29-09-2023,,,,
Noise Cancelling Headphones,sale,4.0,7859.231074701077,4632.0,30.0,157.18462149402154,11-10-2023,,,,
Gaming Monitor,purchase,57.0,0.0,2651.0,121.0,0.0,12-10-2023,,,,
Bluetooth Speaker,sale,2.0,2993.13238190775,2183.0,19.0,59.862647638155,14-04-2023,,,,
Gaming Monitor,sale,3.0,5657.294227086659,3772.0,28.0,113.14588454173318,28-06-2023,,,,
Bluetooth Speaker,sale,4.0,4092.0623707362433,3358.0,28.0,81.84124741472486,15-10-2023,,,,
Laptop Stand,sale,1.0,7066.707293623923,4602.0,14.0,141.33414587247847,09-03-2023,,,,
Ethernet Adapter,sale,4.0,4473.467383201439,2851.0,34.0,89.46934766402877,03-01-2023,,,,
Gaming Monitor,sale,3.0,8038.9647511978055,4866.0,10.0,160.7792950239561,15-01-2023,,,,
USB-C Hub,purchase,50.0,0.0,4680.0,69.0,0.0,05-09-2023,,,,
Bluetooth Speaker,sale,4.0,5850.633098677649,3893.0,39.0,117.012661973553,08-05-2023,,,,
Laptop Stand,sale,4.0,4183.476286446337,2392.0,33.0,83.66952572892674,13-06-2023,,,,
External SSD,sale,1.0,2229.482848626944,1362.0,16.0,44.589656972538876,20-04-2023,,,,
Laptop Stand,sale,1.0,3044.1383902771445,2281.0,41.0,60.88276780554289,24-10-2023,,,,
Laptop Stand,sale,4.0,6481.512118576433,3929.0,12.0,129.63024237152865,12-08-2023,,,,
Bluetooth Speaker,sale,4.0,1431.017782496402,801.0,20.0,28.620355649928044,10-03-2023,,,,
Mechanical Keyboard,purchase,48.0,0.0,3827.0,135.0,0.0,10-03-2023,,,,
Bluetooth Speaker,purchase,6.0,0.0,4060.0,25.0,0.0,19-04-2023,,,,
External SSD,sale,1.0,1392.1635115308436,1023.0,27.0,27.843270230616874,20-05-2023,,,,
Gaming Monitor,sale,4.0,4465.1767779072425,3191.0,7.0,89.30353555814484,06-10-2023,,,,
Noise Cancelling Headphones,sale,2.0,7817.158456374226,4727.0,20.0,156.34316912748452,12-05-2023,,,,
Wireless Mouse,purchase,7.0,0.0,1560.0,99.0,0.0,16-04-2023,,,,
Mechanical Keyboard,sale,4.0,3863.6341532049382,2702.0,35.0,77.27268306409877,09-07-2023,,,,
Gaming Monitor,purchase,13.0,0.0,665.0,71.0,0.0,25-10-2023,,,,
Wireless Mouse,sale,1.0,2719.529041225873,1612.0,38.0,54.39058082451746,01-12-2023,,,,
Noise Cancelling Headphones,sale,1.0,2604.2395080155225,1631.0,6.0,52.08479016031045,02-02-2023,,,,
Laptop Stand,sale,1.0,5111.898782185199,4003.0,12.0,102.23797564370398,01-10-2023,,,,
Noise Cancelling Headphones,purchase,32.0,0.0,2605.0,80.0,0.0,08-05-2023,,,,
Mechanical Keyboard,sale,1.0,1407.0971953296005,892.0,8.0,28.14194390659201,18-12-2023,,,,
Noise Cancelling Headphones,purchase,17.0,0.0,630.0,95.0,0.0,01-06-2023,,,,
Ethernet Adapter,sale,2.0,3132.528815580951,2377.0,14.0,62.65057631161902,13-09-2023,,,,
External SSD,purchase,4.0,0.0,2727.0,87.0,0.0,02-02-2023,,,,
External SSD,sale,4.0,4916.404310177801,3684.0,32.0,98.32808620355601,20-01-2023,,,,
Bluetooth Speaker,purchase,47.0,0.0,2343.0,64.0,0.0,22-08-2023,,,,
Mechanical Keyboard,sale,3.0,4835.110594878641,3813.0,40.0,96.70221189757282,31-12-2023,,,,
USB-C Hub,purchase,62.0,0.0,666.0,143.0,0.0,01-11-2023,,,,
Ethernet Adapter,sale,2.0,2723.2611140461127,2205.0,21.0,54.465222280922255,11-11-2023,,,,
Gaming Monitor,purchase,49.0,0.0,3347.0,142.0,0.0,11-02-2023,,,,
External SSD,purchase,85.0,0.0,3176.0,77.0,0.0,06-09-2023,,,,
Wireless Mouse,sale,3.0,4766.751457503886,2883.0,8.0,95.33502915007772,15-10-2023,,,,
Mechanical Keyboard,sale,1.0,2085.5759853818254,1487.0,35.0,41.711519707636505,02-09-2023,,,,
Gaming Monitor,purchase,41.0,0.0,4203.0,89.0,0.0,24-07-2023,,,,
Laptop Stand,sale,3.0,3070.0397010961387,2452.0,31.0,61.40079402192278,05-06-2023,,,,
Wireless Mouse,purchase,12.0,0.0,3927.0,53.0,0.0,13-10-2023,,,,
Laptop Stand,sale,2.0,7905.721377845606,4943.0,10.0,158.11442755691212,19-03-2023,,,,
Wireless Mouse,sale,1.0,956.8946389063786,777.0,27.0,19.137892778127572,22-01-2023,,,,
Laptop Stand,purchase,30.0,0.0,4025.0,104.0,0.0,21-02-2023,,,,
Gaming Monitor,sale,3.0,5121.693859631113,2857.0,29.0,102.43387719262226,12-10-2023,,,,
Bluetooth Speaker,purchase,36.0,0.0,537.0,42.0,0.0,10-06-2023,,,,
Noise Cancelling Headphones,sale,4.0,6537.093138881128,4986.0,49.0,130.74186277762254,31-08-2023,,,,
Wireless Mouse,sale,2.0,2632.130019082971,1814.0,14.0,52.64260038165942,24-07-2023,,,,
Gaming Monitor,purchase,68.0,0.0,542.0,74.0,0.0,07-07-2023,,,,
Gaming Monitor,sale,3.0,1000.5106224464773,812.0,45.0,20.010212448929547,30-04-2023,,,,
External SSD,sale,4.0,5196.543401053452,3183.0,17.0,103.93086802106905,20-07-2023,,,,
Mechanical Keyboard,sale,4.0,5491.149624693018,4290.0,49.0,109.82299249386037,23-11-2023,,,,
Wireless Mouse,sale,1.0,6788.488298701657,4810.0,28.0,135.76976597403313,21-01-2023,,,,
Laptop Stand,sale,2.0,6456.8959534195865,3592.0,41.0,129.13791906839174,20-12-2023,,,,
Wireless Mouse,sale,3.0,898.1139318693743,505.0,34.0,17.962278637387485,29-08-2023,,,,
Mechanical Keyboard,sale,3.0,6388.915307987986,3995.0,41.0,127.77830615975972,21-12-2023,,,,
External SSD,sale,2.0,3403.8788140196093,1950.0,42.0,68.0775762803922,27-05-2023,,,,
USB-C Hub,sale,2.0,3629.106290360599,2140.0,40.0,72.58212580721198,16-02-2023,,,,
Bluetooth Speaker,purchase,99.0,0.0,2192.0,149.0,0.0,29-06-2023,,,,
Laptop Stand,sale,2.0,3402.3007271988054,2242.0,17.0,68.04601454397611,16-02-2023,,,,
Laptop Stand,purchase,47.0,0.0,1023.0,130.0,0.0,24-03-2023,,,,
Laptop Stand,sale,3.0,938.7946811837174,642.0,35.0,18.77589362367435,07-03-2023,,,,
Ethernet Adapter,purchase,19.0,0.0,2412.0,103.0,0.0,13-08-2023,,,,
Ethernet Adapter,sale,3.0,5592.476894086651,3400.0,37.0,111.84953788173301,01-03-2023,,,,
Ethernet Adapter,sale,1.0,5569.2795048953,3362.0,45.0,111.385590097906,27-02-2023,,,,
Laptop Stand,sale,1.0,4929.838058149182,2796.0,38.0,98.59676116298364,29-12-2023,,,,
Noise Cancelling Headphones,sale,1.0,5413.326213071499,3032.0,38.0,108.26652426142999,26-04-2023,,,,
Gaming Monitor,purchase,3.0,0.0,4157.0,58.0,0.0,26-04-2023,,,,
Laptop Stand,sale,4.0,3010.614144681844,2122.0,47.0,60.21228289363688,17-11-2023,,,,
Noise Cancelling Headphones,sale,3.0,4360.068352772388,3347.0,40.0,87.20136705544776,01-10-2023,,,,
Laptop Stand,sale,2.0,2306.9476772790968,1524.0,26.0,46.138953545581934,26-05-2023,,,,
Gaming Monitor,sale,1.0,6771.980621001623,3775.0,42.0,135.43961242003246,05-10-2023,,,,
Webcam,sale,3.0,3133.8193177519884,1840.0,29.0,62.67638635503977,13-02-2023,,,,
Gaming Monitor,sale,3.0,2249.1932845411866,1548.0,5.0,44.983865690823734,12-01-2023,,,,
Noise Cancelling Headphones,sale,1.0,5399.446619186107,3926.0,12.0,107.98893238372213,28-06-2023,,,,
Noise Cancelling Headphones,sale,4.0,1252.763924328487,857.0,23.0,25.05527848656974,25-10-2023,,,,
Bluetooth Speaker,sale,3.0,3191.7561999875534,2304.0,43.0,63.83512399975107,12-02-2023,,,,
External SSD,sale,1.0,6517.056638931579,3823.0,27.0,130.3411327786316,09-12-2023,,,,
Ethernet Adapter,sale,2.0,7425.252996601185,4835.0,11.0,148.5050599320237,29-04-2023,,,,
Ethernet Adapter,sale,4.0,3079.884523856826,2065.0,34.0,61.597690477136524,16-05-2023,,,,
Webcam,sale,4.0,2318.057183182507,1315.0,29.0,46.36114366365014,11-09-2023,,,,
Mechanical Keyboard,sale,4.0,5193.630646336911,3559.0,13.0,103.87261292673823,04-10-2023,,,,
Wireless Mouse,sale,1.0,940.1378662983522,757.0,41.0,18.802757325967043,05-06-2023,,,,
Ethernet Adapter,sale,1.0,5489.878188687269,3852.0,46.0,109.7975637737454,30-03-2023,,,,
Noise Cancelling Headphones,sale,3.0,4358.888666549694,2728.0,22.0,87.17777333099387,06-07-2023,,,,
Noise Cancelling Headphones,sale,2.0,6159.149518400411,3447.0,32.0,123.18299036800822,22-08-2023,,,,
USB-C Hub,purchase,76.0,0.0,4400.0,38.0,0.0,03-11-2023,,,,
External SSD,sale,1.0,2630.708837983216,1802.0,39.0,52.614176759664325,26-04-2023,,,,
Laptop Stand,purchase,56.0,0.0,1218.0,66.0,0.0,23-09-2023,,,,
Webcam,purchase,21.0,0.0,1594.0,118.0,0.0,02-11-2023,,,,
Gaming Monitor,purchase,97.0,0.0,1716.0,47.0,0.0,29-12-2023,,,,
Wireless Mouse,sale,3.0,5029.016918420624,2990.0,49.0,100.58033836841248,14-03-2023,,,,
Ethernet Adapter,purchase,59.0,0.0,685.0,57.0,0.0,30-05-2023,,,,
Wireless Mouse,purchase,38.0,0.0,1314.0,76.0,0.0,11-07-2023,,,,
Wireless Mouse,sale,3.0,4425.485815160123,2911.0,34.0,88.50971630320247,02-05-2023,,,,
External SSD,sale,4.0,2356.4543520087777,1594.0,29.0,47.129087040175556,27-02-2023,,,,
Wireless Mouse,purchase,59.0,0.0,3000.0,140.0,0.0,26-02-2023,,,,
Laptop Stand,purchase,79.0,0.0,3809.0,45.0,0.0,13-02-2023,,,,
Gaming Monitor,purchase,48.0,0.0,4743.0,121.0,0.0,08-11-2023,,,,
Webcam,sale,1.0,6475.447885059811,4036.0,49.0,129.5089577011962,28-12-2023,,,,
Laptop Stand,sale,1.0,788.9554455405691,655.0,10.0,15.779108910811383,24-01-2023,,,,
Noise Cancelling Headphones,sale,3.0,6048.319796898021,4292.0,15.0,120.96639593796043,28-12-2023,,,,
Ethernet Adapter,purchase,95.0,0.0,4806.0,78.0,0.0,14-08-2023,,,,
Gaming Monitor,purchase,5.0,0.0,1873.0,106.0,0.0,05-03-2023,,,,
Webcam,purchase,60.0,0.0,1354.0,73.0,0.0,09-05-2023,,,,
Gaming Monitor,sale,2.0,1238.2838695155913,916.0,37.0,24.765677390311826,16-11-2023,,,,
Laptop Stand,sale,2.0,1911.307030509826,1340.0,20.0,38.22614061019652,26-09-2023,,,,
Webcam,sale,1.0,3188.85823521779,2203.0,39.0,63.777164704355805,18-12-2023,,,,
USB-C Hub,sale,4.0,2354.2825504186603,1334.0,43.0,47.085651008373205,20-02-2023,,,,
Bluetooth Speaker,sale,3.0,3473.613024497926,2758.0,16.0,69.47226048995851,15-07-2023,,,,
Bluetooth Speaker,sale,4.0,1760.7561592405782,1030.0,21.0,35.21512318481157,08-09-2023,,,,
Laptop Stand,purchase,87.0,0.0,1566.0,112.0,0.0,17-05-2023,,,,
Bluetooth Speaker,sale,3.0,5132.282621480326,2948.0,18.0,102.64565242960653,04-06-2023,,,,
Gaming Monitor,sale,1.0,6286.4315876998235,4933.0,5.0,125.72863175399647,29-05-2023,,,,
External SSD,sale,3.0,3642.9005948709023,2510.0,40.0,72.85801189741805,13-09-2023,,,,
Laptop Stand,sale,1.0,2220.491078584605,1694.0,48.0,44.4098215716921,28-07-2023,,,,
Noise Cancelling Headphones,sale,4.0,2817.192979657294,2147.0,43.0,56.34385959314588,03-12-2023,,,,
Bluetooth Speaker,purchase,70.0,0.0,3333.0,48.0,0.0,07-04-2023,,,,
Wireless Mouse,sale,2.0,5650.740388716338,3381.0,45.0,113.01480777432677,12-08-2023,,,,
Noise Cancelling Headphones,sale,2.0,6498.610269071839,4281.0,33.0,129.9722053814368,17-01-2023,,,,
Ethernet Adapter,sale,4.0,2609.8188619804187,1665.0,48.0,52.196377239608374,11-05-2023,,,,
Webcam,purchase,36.0,0.0,2278.0,114.0,0.0,20-12-2023,,,,
Mechanical Keyboard,sale,4.0,3571.108531571865,2602.0,47.0,71.42217063143731,20-08-2023,,,,
Mechanical Keyboard,sale,4.0,1177.3553536622467,901.0,40.0,23.547107073244934,19-06-2023,,,,
Gaming Monitor,purchase,96.0,0.0,654.0,50.0,0.0,08-11-2023,,,,
Noise Cancelling Headphones,sale,2.0,5444.626439795725,4407.0,29.0,108.8925287959145,31-08-2023,,,,
Ethernet Adapter,sale,3.0,3883.8871760980437,2843.0,29.0,77.67774352196088,28-11-2023,,,,
Ethernet Adapter,sale,3.0,4399.814152189693,3268.0,26.0,87.99628304379387,26-02-2023,,,,
USB-C Hub,purchase,36.0,0.0,2431.0,30.0,0.0,16-11-2023,,,,
Bluetooth Speaker,purchase,6.0,0.0,3241.0,129.0,0.0,27-02-2023,,,,
USB-C Hub,sale,3.0,2476.3667056577087,1611.0,15.0,49.527334113154176,24-06-2023,,,,
Gaming Monitor,sale,3.0,3136.3523265372646,1764.0,38.0,62.72704653074529,22-09-2023,,,,
Webcam,sale,2.0,4197.210781346445,2625.0,23.0,83.94421562692891,10-07-2023,,,,
Noise Cancelling Headphones,sale,3.0,1679.0377193066129,1068.0,21.0,33.580754386132256,29-09-2023,,,,
Mechanical Keyboard,sale,1.0,1937.4300207023873,1420.0,36.0,38.74860041404775,22-12-2023,,,,
Webcam,sale,4.0,2236.468298547609,1452.0,46.0,44.72936597095218,19-09-2023,,,,
Laptop Stand,sale,1.0,1654.9131596338466,1267.0,35.0,33.09826319267693,30-01-2023,,,,
External SSD,sale,3.0,2831.312233317351,1662.0,37.0,56.62624466634702,12-01-2023,,,,
USB-C Hub,sale,3.0,4398.209377658875,3076.0,35.0,87.96418755317751,01-06-2023,,,,
Bluetooth Speaker,sale,2.0,6169.8883975564995,3630.0,38.0,123.39776795112999,19-05-2023,,,,
Ethernet Adapter,sale,3.0,4072.7825696525224,3123.0,21.0,81.45565139305045,04-10-2023,,,,
Noise Cancelling Headphones,sale,4.0,1847.967554924249,1508.0,27.0,36.95935109848498,20-05-2023,,,,
Laptop Stand,sale,2.0,2667.8595379341627,1540.0,25.0,53.35719075868326,29-09-2023,,,,
Ethernet Adapter,sale,2.0,1726.649541921495,1011.0,27.0,34.5329908384299,26-03-2023,,,,
Wireless Mouse,purchase,81.0,0.0,748.0,92.0,0.0,06-06-2023,,,,
Ethernet Adapter,sale,4.0,853.5378948980037,640.0,27.0,17.070757897960075,13-01-2023,,,,
Bluetooth Speaker,sale,2.0,4417.40137570954,2550.0,34.0,88.3480275141908,23-11-2023,,,,
USB-C Hub,sale,2.0,1014.8879338873983,839.0,17.0,20.297758677747964,12-07-2023,,,,
Gaming Monitor,sale,3.0,1514.1818850016475,1039.0,25.0,30.28363770003295,24-05-2023,,,,
External SSD,sale,1.0,2627.162501053726,1856.0,25.0,52.54325002107452,27-07-2023,,,,
Bluetooth Speaker,sale,1.0,625.0787288868371,503.0,47.0,12.501574577736742,19-11-2023,,,,
Webcam,purchase,72.0,0.0,3114.0,16.0,0.0,11-08-2023,,,,
USB-C Hub,sale,2.0,5044.948949442961,2873.0,33.0,100.89897898885921,21-06-2023,,,,
Webcam,sale,2.0,5524.330224732902,4503.0,37.0,110.48660449465804,31-07-2023,,,,
Gaming Monitor,purchase,55.0,0.0,2779.0,127.0,0.0,13-09-2023,,,,
Noise Cancelling Headphones,sale,2.0,4056.1272126443573,2540.0,17.0,81.12254425288715,04-11-2023,,,,
Ethernet Adapter,sale,3.0,4287.240398238384,2509.0,41.0,85.74480796476767,13-06-2023,,,,
Noise Cancelling Headphones,sale,2.0,1952.964045059432,1216.0,36.0,39.05928090118864,26-02-2023,,,,
Ethernet Adapter,sale,3.0,1130.555890521867,648.0,28.0,22.611117810437342,15-06-2023,,,,
USB-C Hub,sale,1.0,6156.568007488719,4174.0,44.0,123.13136014977438,09-04-2023,,,,
Ethernet Adapter,sale,3.0,5869.8199129755985,3646.0,9.0,117.39639825951197,06-09-2023,,,,
External SSD,sale,2.0,4660.695825257711,2818.0,35.0,93.21391650515422,14-12-2023,,,,
Ethernet Adapter,purchase,80.0,0.0,3100.0,53.0,0.0,18-04-2023,,,,
Laptop Stand,sale,3.0,2950.1427748275673,2099.0,47.0,59.00285549655135,14-06-2023,,,,
USB-C Hub,purchase,10.0,0.0,2171.0,85.0,0.0,27-11-2023,,,,
Bluetooth Speaker,purchase,67.0,0.0,2703.0,50.0,0.0,10-01-2023,,,,
Bluetooth Speaker,sale,4.0,6469.448171652292,4935.0,12.0,129.38896343304586,15-08-2023,,,,
USB-C Hub,purchase,39.0,0.0,3705.0,51.0,0.0,23-06-2023,,,,
Mechanical Keyboard,sale,3.0,3923.447057194613,2473.0,17.0,78.46894114389227,12-11-2023,,,,
Mechanical Keyboard,sale,2.0,6104.7863134370855,3403.0,21.0,122.09572626874171,15-04-2023,,,,
Webcam,sale,2.0,2111.903429669286,1490.0,33.0,42.23806859338573,28-08-2023,,,,
External SSD,sale,3.0,2404.123231373961,1538.0,14.0,48.082464627479226,06-06-2023,,,,
External SSD,sale,2.0,1969.1664253241731,1456.0,33.0,39.383328506483466,06-03-2023,,,,
Mechanical Keyboard,sale,4.0,1902.1431827659533,1186.0,44.0,38.04286365531907,20-05-2023,,,,
Laptop Stand,sale,3.0,7886.600339656408,4909.0,10.0,157.73200679312816,21-10-2023,,,,
Bluetooth Speaker,purchase,7.0,0.0,2323.0,13.0,0.0,15-03-2023,,,,
USB-C Hub,sale,3.0,7803.280528946513,4523.0,13.0,156.06561057893026,22-04-2023,,,,
Laptop Stand,sale,2.0,5980.196002104001,3793.0,44.0,119.60392004208003,17-06-2023,,,,
Webcam,sale,2.0,6618.464964637955,3855.0,38.0,132.3692992927591,11-05-2023,,,,
Noise Cancelling Headphones,sale,4.0,5930.171031268036,4798.0,30.0,118.60342062536073,18-07-2023,,,,
Mechanical Keyboard,sale,1.0,939.1520649198961,583.0,8.0,18.783041298397922,02-09-2023,,,,
Mechanical Keyboard,purchase,26.0,0.0,2096.0,142.0,0.0,02-01-2023,,,,
Wireless Mouse,sale,2.0,6202.108714548116,3921.0,41.0,124.04217429096232,24-06-2023,,,,
Webcam,sale,3.0,7535.386305174751,4322.0,46.0,150.70772610349502,30-03-2023,,,,
Bluetooth Speaker,sale,1.0,4008.913476802208,3085.0,37.0,80.17826953604417,21-10-2023,,,,
Gaming Monitor,purchase,65.0,0.0,1004.0,60.0,0.0,13-11-2023,,,,
Bluetooth Speaker,purchase,57.0,0.0,4583.0,88.0,0.0,01-01-2023,,,,
Wireless Mouse,sale,2.0,4608.187186021051,2834.0,26.0,92.16374372042102,03-10-2023,,,,
USB-C Hub,sale,3.0,4359.974566813644,2592.0,31.0,87.19949133627289,04-02-2023,,,,
Noise Cancelling Headphones,purchase,20.0,0.0,2636.0,92.0,0.0,05-08-2023,,,,
Laptop Stand,sale,3.0,5615.050951419236,4247.0,10.0,112.30101902838473,14-04-2023,,,,
Ethernet Adapter,sale,1.0,2299.6967315444936,1733.0,17.0,45.993934630889875,17-11-2023,,,,
Gaming Monitor,purchase,75.0,0.0,3376.0,107.0,0.0,05-03-2023,,,,
External SSD,sale,4.0,4107.665027135443,2283.0,31.0,82.15330054270886,28-11-2023,,,,
Ethernet Adapter,purchase,90.0,0.0,4236.0,29.0,0.0,25-04-2023,,,,
Gaming Monitor,purchase,27.0,0.0,562.0,103.0,0.0,31-01-2023,,,,
Ethernet Adapter,purchase,31.0,0.0,1625.0,49.0,0.0,06-05-2023,,,,
Gaming Monitor,sale,4.0,8362.08161639353,4938.0,37.0,167.2416323278706,13-06-2023,,,,
Gaming Monitor,sale,3.0,4810.57530370353,3238.0,38.0,96.2115060740706,16-11-2023,,,,
Mechanical Keyboard,sale,2.0,2123.2349934182525,1326.0,34.0,42.46469986836505,31-07-2023,,,,
Laptop Stand,sale,1.0,1911.681685490753,1221.0,13.0,38.23363370981506,29-06-2023,,,,
Laptop Stand,purchase,32.0,0.0,1390.0,31.0,0.0,22-06-2023,,,,
Wireless Mouse,purchase,29.0,0.0,4595.0,55.0,0.0,26-05-2023,,,,
Bluetooth Speaker,sale,1.0,4542.956210457823,3544.0,49.0,90.85912420915645,09-01-2023,,,,
Ethernet Adapter,sale,2.0,3686.360609902369,2066.0,11.0,73.72721219804738,20-12-2023,,,,
Noise Cancelling Headphones,purchase,5.0,0.0,4849.0,124.0,0.0,31-12-2023,,,,
Laptop Stand,sale,1.0,1526.7684469909095,960.0,18.0,30.53536893981819,14-01-2023,,,,
Mechanical Keyboard,sale,3.0,2066.4049214897113,1244.0,7.0,41.32809842979423,19-05-2023,,,,
Laptop Stand,sale,2.0,1663.4386415704798,989.0,34.0,33.2687728314096,26-08-2023,,,,
Webcam,purchase,40.0,0.0,529.0,79.0,0.0,10-11-2023,,,,
Bluetooth Speaker,sale,4.0,7437.275940339801,4550.0,22.0,148.74551880679604,23-06-2023,,,,
Mechanical Keyboard,sale,3.0,4207.715640184078,2490.0,24.0,84.15431280368158,26-07-2023,,,,
Ethernet Adapter,sale,3.0,3808.2484025374642,2374.0,5.0,76.16496805074928,10-04-2023,,,,
External SSD,purchase,12.0,0.0,3208.0,93.0,0.0,28-07-2023,,,,
Bluetooth Speaker,sale,1.0,6056.821069282313,3808.0,35.0,121.13642138564626,02-10-2023,,,,
USB-C Hub,sale,2.0,2203.5433701313336,1472.0,37.0,44.070867402626675,23-08-2023,,,,
Noise Cancelling Headphones,sale,2.0,883.2084537728734,576.0,24.0,17.66416907545747,20-03-2023,,,,
External SSD,purchase,90.0,0.0,2137.0,59.0,0.0,27-07-2023,,,,
Webcam,purchase,74.0,0.0,3143.0,84.0,0.0,20-02-2023,,,,
Laptop Stand,sale,4.0,3470.872720745312,2437.0,6.0,69.41745441490625,21-09-2023,,,,
Bluetooth Speaker,sale,4.0,5653.361861172324,3149.0,37.0,113.06723722344648,10-04-2023,,,,
USB-C Hub,sale,3.0,5846.959111684433,3878.0,30.0,116.93918223368867,30-03-2023,,,,
Laptop Stand,sale,2.0,2995.7115892539846,2339.0,23.0,59.91423178507969,05-04-2023,,,,
Bluetooth Speaker,sale,2.0,4641.331175317985,2613.0,16.0,92.82662350635971,16-12-2023,,,,
Ethernet Adapter,sale,4.0,6274.64592484788,4823.0,22.0,125.49291849695761,14-08-2023,,,,
External SSD,purchase,54.0,0.0,564.0,137.0,0.0,23-04-2023,,,,
Noise Cancelling Headphones,sale,1.0,3416.5831315692462,2358.0,6.0,68.33166263138493,01-06-2023,,,,
External SSD,sale,1.0,4686.599453039381,3410.0,28.0,93.73198906078763,09-10-2023,,,,
Noise Cancelling Headphones,purchase,89.0,0.0,1035.0,80.0,0.0,04-08-2023,,,,
Bluetooth Speaker,sale,4.0,5221.1960758850755,2907.0,45.0,104.42392151770152,07-01-2023,,,,
Wireless Mouse,sale,4.0,4211.294991456853,3194.0,28.0,84.22589982913705,23-01-2023,,,,
USB-C Hub,sale,1.0,5919.430572840527,4563.0,46.0,118.38861145681054,26-06-2023,,,,
USB-C Hub,sale,3.0,2472.953808939689,1805.0,44.0,49.45907617879379,21-10-2023,,,,
Mechanical Keyboard,purchase,75.0,0.0,3041.0,27.0,0.0,06-04-2023,,,,
Webcam,sale,4.0,6278.903600114202,3641.0,28.0,125.57807200228405,08-05-2023,,,,
Ethernet Adapter,sale,3.0,4107.837289540132,2437.0,26.0,82.15674579080263,05-10-2023,,,,
Gaming Monitor,purchase,70.0,0.0,2622.0,76.0,0.0,20-01-2023,,,,
External SSD,sale,2.0,5775.77523200247,3756.0,19.0,115.5155046400494,24-07-2023,,,,
Noise Cancelling Headphones,sale,1.0,5881.389102530967,4878.0,24.0,117.62778205061933,09-07-2023,,,,
Laptop Stand,sale,3.0,5111.233468218457,3059.0,5.0,102.22466936436915,13-05-2023,,,,
Laptop Stand,sale,4.0,4506.5970453804475,3687.0,47.0,90.13194090760895,17-03-2023,,,,
Wireless Mouse,sale,1.0,5981.171628439982,3879.0,49.0,119.62343256879964,19-11-2023,,,,
Webcam,purchase,22.0,0.0,4666.0,13.0,0.0,22-05-2023,,,,
Laptop Stand,sale,1.0,6227.760260525987,4214.0,18.0,124.55520521051974,24-09-2023,,,,
Bluetooth Speaker,purchase,30.0,0.0,3957.0,23.0,0.0,15-09-2023,,,,
External SSD,sale,1.0,5886.59991953764,4325.0,45.0,117.73199839075279,23-01-2023,,,,
Noise Cancelling Headphones,purchase,25.0,0.0,1187.0,121.0,0.0,23-10-2023,,,,
Ethernet Adapter,sale,1.0,7437.485339607141,4898.0,48.0,148.74970679214283,06-01-2023,,,,
Ethernet Adapter,sale,3.0,4559.306592594933,3376.0,33.0,91.18613185189866,16-02-2023,,,,
External SSD,sale,4.0,3336.4017633146213,2526.0,11.0,66.72803526629242,12-06-2023,,,,
Bluetooth Speaker,sale,3.0,2342.809523238908,1445.0,18.0,46.85619046477816,23-02-2023,,,,
Ethernet Adapter,purchase,15.0,0.0,1141.0,34.0,0.0,26-01-2023,,,,
Bluetooth Speaker,sale,4.0,3830.7219202911024,2769.0,43.0,76.61443840582204,03-10-2023,,,,
Ethernet Adapter,sale,3.0,8456.764182993913,4906.0,48.0,169.13528365987827,04-06-2023,,,,
Ethernet Adapter,sale,2.0,5570.734039250021,3581.0,8.0,111.41468078500043,29-10-2023,,,,
Ethernet Adapter,sale,1.0,1371.3573856706528,845.0,45.0,27.427147713413056,26-06-2023,,,,
Noise Cancelling Headphones,sale,2.0,5313.428383381141,4271.0,21.0,106.26856766762283,14-01-2023,,,,
Gaming Monitor,sale,3.0,2624.843439925991,1941.0,17.0,52.49686879851982,27-11-2023,,,,
Webcam,purchase,80.0,0.0,4908.0,144.0,0.0,23-09-2023,,,,
Webcam,purchase,17.0,0.0,4348.0,56.0,0.0,23-12-2023,,,,
Ethernet Adapter,sale,3.0,1009.1163593112321,811.0,7.0,20.182327186224644,13-05-2023,,,,
Wireless Mouse,sale,3.0,5365.987881891772,3205.0,13.0,107.31975763783545,20-07-2023,,,,
USB-C Hub,sale,3.0,2175.3722665916193,1306.0,31.0,43.507445331832386,22-03-2023,,,,
Ethernet Adapter,sale,1.0,1696.6186836334086,947.0,44.0,33.93237367266817,08-01-2023,,,,
USB-C Hub,purchase,21.0,0.0,3402.0,10.0,0.0,20-06-2023,,,,
External SSD,sale,3.0,1409.9886737615673,871.0,31.0,28.199773475231346,23-07-2023,,,,
USB-C Hub,sale,2.0,5132.926357558334,3877.0,19.0,102.65852715116668,15-05-2023,,,,
Laptop Stand,sale,1.0,5931.936669961074,4029.0,38.0,118.63873339922148,09-08-2023,,,,
USB-C Hub,sale,4.0,2059.458993526391,1213.0,17.0,41.18917987052782,30-10-2023,,,,
Bluetooth Speaker,sale,4.0,3328.6297917164643,2121.0,27.0,66.57259583432929,04-11-2023,,,,
External SSD,purchase,80.0,0.0,3153.0,119.0,0.0,23-07-2023,,,,
Ethernet Adapter,sale,3.0,1153.8186325802658,697.0,24.0,23.076372651605315,17-09-2023,,,,
Webcam,sale,2.0,7371.327483584297,4997.0,21.0,147.42654967168593,20-02-2023,,,,
Gaming Monitor,sale,3.0,6845.105673969046,4230.0,32.0,136.90211347938092,26-08-2023,,,,
USB-C Hub,sale,3.0,926.999242217441,746.0,29.0,18.53998484434882,26-07-2023,,,,
Noise Cancelling Headphones,sale,1.0,2146.9375002982606,1521.0,46.0,42.93875000596521,25-10-2023,,,,
Bluetooth Speaker,sale,1.0,3617.5925017849218,2911.0,9.0,72.35185003569843,12-06-2023,,,,
Mechanical Keyboard,sale,3.0,4097.977099927199,2791.0,40.0,81.95954199854397,02-02-2023,,,,
Bluetooth Speaker,sale,1.0,4056.91059392106,2429.0,35.0,81.1382118784212,08-05-2023,,,,
Gaming Monitor,sale,2.0,7312.741472402025,4603.0,22.0,146.25482944804048,15-03-2023,,,,
External SSD,sale,1.0,8144.928386134532,4789.0,35.0,162.89856772269064,27-05-2023,,,,
Laptop Stand,sale,2.0,6257.6459933897695,4229.0,44.0,125.15291986779539,06-06-2023,,,,
Webcam,sale,3.0,4949.612961905536,3763.0,25.0,98.99225923811073,18-11-2023,,,,
Gaming Monitor,sale,4.0,6252.700885623939,4024.0,31.0,125.05401771247878,29-08-2023,,,,
Gaming Monitor,sale,3.0,1634.1342662522404,1138.0,11.0,32.68268532504481,18-08-2023,,,,
Bluetooth Speaker,purchase,52.0,0.0,2634.0,17.0,0.0,01-10-2023,,,,
External SSD,sale,4.0,7479.031461595292,4991.0,16.0,149.58062923190585,20-07-2023,,,,
Webcam,sale,4.0,5415.915841233608,3850.0,28.0,108.31831682467217,23-07-2023,,,,
Laptop Stand,purchase,65.0,0.0,873.0,145.0,0.0,04-05-2023,,,,
Webcam,sale,1.0,2588.2994119951763,1810.0,34.0,51.76598823990353,07-10-2023,,,,
Bluetooth Speaker,purchase,24.0,0.0,2647.0,43.0,0.0,01-01-2023,,,,
USB-C Hub,sale,1.0,6082.227481769782,3454.0,30.0,121.64454963539563,10-01-2023,,,,
Gaming Monitor,purchase,27.0,0.0,2037.0,53.0,0.0,17-01-2023,,,,
Ethernet Adapter,purchase,96.0,0.0,3054.0,128.0,0.0,07-11-2023,,,,
Gaming Monitor,sale,2.0,1378.9044975636177,1089.0,15.0,27.578089951272354,25-12-2023,,,,
Webcam,sale,1.0,3811.8592018513873,2683.0,31.0,76.23718403702775,06-06-2023,,,,
Ethernet Adapter,sale,2.0,3720.9325963670867,2372.0,17.0,74.41865192734174,15-07-2023,,,,
Noise Cancelling Headphones,purchase,63.0,0.0,1265.0,51.0,0.0,13-05-2023,,,,
Ethernet Adapter,purchase,56.0,0.0,3474.0,107.0,0.0,15-07-2023,,,,
Noise Cancelling Headphones,sale,3.0,5447.312790800192,3358.0,46.0,108.94625581600383,18-11-2023,,,,
Webcam,purchase,95.0,0.0,2216.0,10.0,0.0,09-04-2023,,,,
External SSD,purchase,13.0,0.0,3802.0,110.0,0.0,23-10-2023,,,,
Wireless Mouse,purchase,91.0,0.0,2840.0,87.0,0.0,09-06-2023,,,,
Laptop Stand,sale,2.0,2488.084375899573,1718.0,19.0,49.76168751799146,30-06-2023,,,,
Noise Cancelling Headphones,sale,3.0,1930.1111595674945,1357.0,47.0,38.60222319134989,17-08-2023,,,,
Mechanical Keyboard,sale,1.0,4842.574892623908,3946.0,47.0,96.85149785247818,20-07-2023,,,,
External SSD,sale,3.0,1746.263579852951,1120.0,44.0,34.925271597059016,14-05-2023,,,,
Webcam,sale,4.0,5226.759017395434,3695.0,33.0,104.53518034790868,13-02-2023,,,,
Wireless Mouse,sale,2.0,4640.2724555751265,3755.0,34.0,92.80544911150253,23-12-2023,,,,
Noise Cancelling Headphones,purchase,96.0,0.0,4840.0,95.0,0.0,09-02-2023,,,,
Ethernet Adapter,sale,2.0,1029.0560763902085,849.0,37.0,20.58112152780417,23-09-2023,,,,
Wireless Mouse,purchase,12.0,0.0,1349.0,30.0,0.0,10-11-2023,,,,
Laptop Stand,sale,2.0,783.9708962500898,509.0,25.0,15.679417925001797,25-07-2023,,,,
Mechanical Keyboard,sale,2.0,2414.649808143183,1437.0,18.0,48.29299616286366,10-01-2023,,,,
Webcam,sale,4.0,5200.796454989892,4086.0,17.0,104.01592909979783,26-09-2023,,,,
External SSD,sale,3.0,5773.55251350929,3621.0,21.0,115.47105027018581,06-12-2023,,,,
Ethernet Adapter,sale,4.0,3091.4037721918417,1774.0,14.0,61.82807544383684,15-05-2023,,,,
Noise Cancelling Headphones,sale,4.0,2983.5935696053107,2279.0,49.0,59.67187139210621,15-08-2023,,,,
Ethernet Adapter,sale,4.0,3717.9435629972236,2923.0,45.0,74.35887125994448,11-08-2023,,,,
Bluetooth Speaker,sale,3.0,2484.828842510143,1654.0,8.0,49.69657685020287,08-01-2023,,,,
Gaming Monitor,sale,4.0,1166.9829646239489,753.0,34.0,23.339659292478977,24-10-2023,,,,
Ethernet Adapter,sale,3.0,4780.28789413267,3093.0,45.0,95.60575788265339,21-03-2023,,,,
Ethernet Adapter,sale,1.0,4186.217317012412,3291.0,33.0,83.72434634024825,29-06-2023,,,,
Wireless Mouse,purchase,11.0,0.0,3473.0,109.0,0.0,01-02-2023,,,,
Webcam,sale,3.0,4965.761945755167,3150.0,32.0,99.31523891510335,22-07-2023,,,,
USB-C Hub,purchase,36.0,0.0,2149.0,84.0,0.0,09-05-2023,,,,
Ethernet Adapter,sale,4.0,5208.404301269363,3194.0,42.0,104.16808602538725,24-02-2023,,,,
Bluetooth Speaker,sale,2.0,3950.700329229395,2366.0,8.0,79.0140065845879,20-10-2023,,,,
Wireless Mouse,sale,3.0,909.6544911930282,508.0,12.0,18.193089823860564,02-04-2023,,,,
External SSD,sale,2.0,2499.230281554186,1810.0,46.0,49.984605631083724,11-01-2023,,,,
Noise Cancelling Headphones,purchase,78.0,0.0,2548.0,55.0,0.0,26-09-2023,,,,
Webcam,sale,4.0,1413.6221659490207,1146.0,26.0,28.272443318980415,23-08-2023,,,,
Gaming Monitor,purchase,28.0,0.0,732.0,24.0,0.0,02-01-2023,,,,
Ethernet Adapter,sale,2.0,6915.133643881752,3909.0,27.0,138.30267287763505,28-08-2023,,,,
USB-C Hub,purchase,34.0,0.0,4367.0,146.0,0.0,20-12-2023,,,,
Wireless Mouse,sale,1.0,6809.451458886156,4791.0,15.0,136.1890291777231,13-03-2023,,,,
Wireless Mouse,purchase,7.0,0.0,4179.0,59.0,0.0,07-09-2023,,,,
Bluetooth Speaker,sale,3.0,2768.258021419143,1956.0,44.0,55.365160428382865,19-05-2023,,,,
Wireless Mouse,sale,3.0,3509.893350348815,2444.0,5.0,70.19786700697631,31-07-2023,,,,
Wireless Mouse,sale,2.0,1419.3561767189758,791.0,7.0,28.387123534379516,04-05-2023,,,,
Bluetooth Speaker,sale,2.0,848.4287856361047,590.0,14.0,16.968575712722096,14-01-2023,,,,
External SSD,sale,1.0,1868.2625062411776,1520.0,32.0,37.365250124823554,14-06-2023,,,,
Ethernet Adapter,sale,4.0,3741.6067295200123,3022.0,5.0,74.83213459040024,18-12-2023,,,,
Noise Cancelling Headphones,sale,1.0,4662.957633196295,3823.0,14.0,93.2591526639259,08-11-2023,,,,
Gaming Monitor,sale,3.0,4995.149717726163,3894.0,47.0,99.90299435452326,22-09-2023,,,,
Webcam,sale,4.0,7124.681156536788,4821.0,28.0,142.49362313073576,13-04-2023,,,,
Webcam,sale,3.0,3202.066547927506,2064.0,44.0,64.04133095855012,30-06-2023,,,,
External SSD,sale,2.0,7800.03526724444,4861.0,13.0,156.0007053448888,24-06-2023,,,,
External SSD,sale,1.0,6774.947064482766,4753.0,29.0,135.49894128965533,30-12-2023,,,,
Wireless Mouse,sale,4.0,6392.38813794312,4733.0,47.0,127.84776275886239,13-08-2023,,,,
Webcam,purchase,17.0,0.0,2430.0,118.0,0.0,16-10-2023,,,,
Wireless Mouse,purchase,98.0,0.0,2198.0,35.0,0.0,23-05-2023,,,,
Wireless Mouse,purchase,21.0,0.0,2392.0,44.0,0.0,09-10-2023,,,,
Mechanical Keyboard,sale,4.0,2310.998166989747,1610.0,32.0,46.219963339794944,24-12-2023,,,,
Laptop Stand,sale,4.0,8287.647635082121,4822.0,20.0,165.75295270164244,27-08-2023,,,,
USB-C Hub,purchase,84.0,0.0,4334.0,97.0,0.0,06-10-2023,,,,
Ethernet Adapter,purchase,18.0,0.0,1433.0,125.0,0.0,05-07-2023,,,,
Mechanical Keyboard,sale,3.0,1073.3702576044595,788.0,38.0,21.467405152089192,18-06-2023,,,,
External SSD,sale,4.0,2593.0421366750415,1659.0,19.0,51.86084273350083,13-02-2023,,,,
Mechanical Keyboard,sale,4.0,5664.158085080851,3663.0,48.0,113.28316170161703,05-09-2023,,,,
Wireless Mouse,sale,1.0,3635.1519842421344,2152.0,17.0,72.7030396848427,27-03-2023,,,,
Webcam,sale,3.0,6599.333775995392,4339.0,38.0,131.98667551990783,08-04-2023,,,,
Mechanical Keyboard,sale,3.0,4740.223160046494,3903.0,9.0,94.80446320092987,27-12-2023,,,,
Mechanical Keyboard,purchase,30.0,0.0,530.0,106.0,0.0,12-01-2023,,,,
Bluetooth Speaker,sale,4.0,4968.2852559694475,3564.0,31.0,99.36570511938895,15-03-2023,,,,
Bluetooth Speaker,sale,1.0,1633.6435988746505,1038.0,41.0,32.67287197749301,20-08-2023,,,,
Ethernet Adapter,sale,2.0,3222.4919635995425,2447.0,35.0,64.44983927199085,25-06-2023,,,,
Wireless Mouse,sale,3.0,6141.0433730755185,4593.0,31.0,122.82086746151037,16-11-2023,,,,
USB-C Hub,sale,4.0,3757.862564437652,2530.0,29.0,75.15725128875305,27-09-2023,,,,
Mechanical Keyboard,sale,1.0,6713.678538715313,4396.0,26.0,134.27357077430628,15-10-2023,,,,
External SSD,purchase,18.0,0.0,1425.0,44.0,0.0,05-04-2023,,,,
USB-C Hub,sale,1.0,7069.9947999793285,4830.0,47.0,141.39989599958656,25-02-2023,,,,
Ethernet Adapter,sale,4.0,5827.720988782241,4682.0,38.0,116.55441977564482,16-03-2023,,,,
USB-C Hub,sale,4.0,2570.8820838617225,1992.0,21.0,51.41764167723445,07-01-2023,,,,
Webcam,sale,3.0,4802.888066114201,2955.0,27.0,96.05776132228402,24-03-2023,,,,
Wireless Mouse,sale,4.0,2387.0581727881554,1586.0,15.0,47.74116345576311,15-11-2023,,,,
Gaming Monitor,purchase,28.0,0.0,3492.0,79.0,0.0,07-06-2023,,,,
Mechanical Keyboard,sale,3.0,3289.750638246356,2263.0,36.0,65.79501276492712,11-09-2023,,,,
USB-C Hub,purchase,9.0,0.0,1297.0,41.0,0.0,09-12-2023,,,,
Bluetooth Speaker,sale,3.0,5272.900769010374,2995.0,38.0,105.45801538020747,09-01-2023,,,,
Wireless Mouse,purchase,31.0,0.0,2911.0,44.0,0.0,03-01-2023,,,,
Gaming Monitor,sale,3.0,5301.9710018453625,3152.0,28.0,106.03942003690725,01-05-2023,,,,
Bluetooth Speaker,sale,2.0,4698.573758596551,3423.0,41.0,93.97147517193102,22-04-2023,,,,
Mechanical Keyboard,sale,3.0,3193.2041106403967,2488.0,49.0,63.864082212807936,08-06-2023,,,,
Gaming Monitor,sale,1.0,2091.703860821397,1706.0,20.0,41.83407721642794,28-09-2023,,,,
Ethernet Adapter,purchase,69.0,0.0,3266.0,149.0,0.0,27-07-2023,,,,
Laptop Stand,sale,2.0,5852.381372430162,3541.0,15.0,117.04762744860324,15-09-2023,,,,
Laptop Stand,sale,1.0,5156.727566209604,4083.0,45.0,103.13455132419209,04-04-2023,,,,
Mechanical Keyboard,sale,1.0,5719.176527526229,3310.0,22.0,114.38353055052458,07-05-2023,,,,
Webcam,sale,1.0,8474.045719938378,4927.0,19.0,169.48091439876757,02-01-2023,,,,
Ethernet Adapter,purchase,73.0,0.0,2727.0,52.0,0.0,10-11-2023,,,,
Gaming Monitor,sale,3.0,7770.776112467886,4361.0,8.0,155.41552224935774,08-08-2023,,,,
Ethernet Adapter,purchase,74.0,0.0,2434.0,133.0,0.0,24-01-2023,,,,
Webcam,sale,3.0,1824.6944185710195,1143.0,35.0,36.49388837142039,12-12-2023,,,,
Bluetooth Speaker,sale,1.0,1117.7333314894397,638.0,20.0,22.354666629788795,08-12-2023,,,,
Webcam,sale,3.0,5844.546099773041,3763.0,49.0,116.89092199546081,03-01-2023,,,,
Gaming Monitor,sale,1.0,984.4013134375722,726.0,47.0,19.688026268751443,20-09-2023,,,,
Gaming Monitor,sale,3.0,2855.918777088456,1608.0,39.0,57.11837554176912,07-11-2023,,,,
Ethernet Adapter,purchase,97.0,0.0,600.0,82.0,0.0,12-11-2023,,,,
Noise Cancelling Headphones,purchase,63.0,0.0,3478.0,17.0,0.0,02-04-2023,,,,
Bluetooth Speaker,sale,4.0,2523.1839833459258,1411.0,16.0,50.463679666918516,15-12-2023,,,,
Laptop Stand,purchase,64.0,0.0,620.0,33.0,0.0,28-11-2023,,,,
Mechanical Keyboard,purchase,51.0,0.0,845.0,57.0,0.0,03-03-2023,,,,
USB-C Hub,purchase,78.0,0.0,3610.0,61.0,0.0,24-11-2023,,,,
External SSD,purchase,18.0,0.0,1039.0,89.0,0.0,10-03-2023,,,,
Webcam,sale,4.0,5821.065199474343,4348.0,10.0,116.42130398948686,05-12-2023,,,,
USB-C Hub,sale,3.0,3411.5791898166103,2402.0,36.0,68.2315837963322,24-07-2023,,,,
Bluetooth Speaker,sale,2.0,6750.259001506912,4748.0,10.0,135.00518003013823,27-02-2023,,,,
External SSD,purchase,49.0,0.0,2666.0,53.0,0.0,14-08-2023,,,,
Mechanical Keyboard,sale,1.0,2931.019621153219,1887.0,40.0,58.62039242306438,06-07-2023,,,,
External SSD,sale,3.0,2518.194089422841,1980.0,17.0,50.36388178845682,05-11-2023,,,,
Wireless Mouse,sale,2.0,1292.7747596291658,944.0,9.0,25.855495192583316,21-03-2023,,,,
Webcam,sale,1.0,5223.215211497278,3037.0,35.0,104.46430422994555,18-01-2023,,,,
Webcam,sale,2.0,1478.8167120982196,892.0,9.0,29.576334241964393,12-12-2023,,,,
Bluetooth Speaker,sale,3.0,5345.458666319329,3797.0,32.0,106.90917332638658,25-09-2023,,,,
Wireless Mouse,purchase,30.0,0.0,3903.0,145.0,0.0,29-10-2023,,,,
Bluetooth Speaker,sale,3.0,7294.249962069735,4409.0,41.0,145.88499924139472,12-04-2023,,,,
External SSD,purchase,26.0,0.0,1119.0,131.0,0.0,10-12-2023,,,,
Webcam,sale,3.0,5469.554917737896,4521.0,11.0,109.39109835475793,18-07-2023,,,,
Wireless Mouse,sale,3.0,1096.8322950537201,819.0,36.0,21.936645901074403,14-12-2023,,,,
Ethernet Adapter,sale,3.0,2662.2631300895428,1494.0,16.0,53.245262601790856,24-12-2023,,,,
USB-C Hub,sale,4.0,3175.930503749097,2538.0,31.0,63.51861007498194,26-07-2023,,,,
Webcam,purchase,34.0,0.0,3221.0,35.0,0.0,08-07-2023,,,,
Ethernet Adapter,sale,2.0,5371.136447141699,4239.0,48.0,107.42272894283398,08-07-2023,,,,
Gaming Monitor,purchase,6.0,0.0,1952.0,146.0,0.0,21-06-2023,,,,
Webcam,sale,4.0,7188.366726844841,4098.0,13.0,143.7673345368968,31-01-2023,,,,
Wireless Mouse,sale,1.0,6734.385036903782,4234.0,23.0,134.68770073807565,30-05-2023,,,,
Gaming Monitor,sale,1.0,2186.2724780202266,1753.0,28.0,43.725449560404535,19-06-2023,,,,
Ethernet Adapter,sale,3.0,4401.15024704621,3647.0,34.0,88.02300494092421,15-05-2023,,,,
Wireless Mouse,sale,3.0,7340.544875185883,4783.0,41.0,146.81089750371765,22-05-2023,,,,
Noise Cancelling Headphones,purchase,26.0,0.0,4635.0,113.0,0.0,01-12-2023,,,,
Wireless Mouse,purchase,33.0,0.0,3886.0,114.0,0.0,03-12-2023,,,,
External SSD,purchase,31.0,0.0,3950.0,109.0,0.0,17-03-2023,,,,
Mechanical Keyboard,sale,1.0,3885.8184325533257,2649.0,43.0,77.71636865106652,18-12-2023,,,,
Bluetooth Speaker,sale,1.0,1725.0676460252923,1397.0,12.0,34.501352920505845,09-10-2023,,,,
Laptop Stand,purchase,88.0,0.0,1050.0,140.0,0.0,18-12-2023,,,,
Gaming Monitor,sale,4.0,6343.89637062399,4484.0,43.0,126.8779274124798,26-12-2023,,,,
USB-C Hub,purchase,7.0,0.0,1770.0,42.0,0.0,19-10-2023,,,,
Ethernet Adapter,sale,1.0,1086.8373491871546,676.0,33.0,21.736746983743092,16-01-2023,,,,
Gaming Monitor,sale,1.0,6406.559678887569,3832.0,33.0,128.1311935777514,04-04-2023,,,,
USB-C Hub,sale,4.0,6034.836116011182,3354.0,19.0,120.69672232022364,02-09-2023,,,,
Noise Cancelling Headphones,sale,4.0,6340.166085111477,4062.0,46.0,126.80332170222954,02-07-2023,,,,
Wireless Mouse,sale,3.0,1274.7578748544315,897.0,35.0,25.49515749708863,21-02-2023,,,,
Ethernet Adapter,sale,4.0,3508.9144319779343,2833.0,22.0,70.17828863955869,22-03-2023,,,,
USB-C Hub,sale,2.0,993.887316964482,758.0,8.0,19.87774633928964,10-11-2023,,,,
Gaming Monitor,sale,2.0,8683.88112002884,4941.0,46.0,173.6776224005768,20-06-2023,,,,
USB-C Hub,sale,4.0,5440.445529091549,3662.0,31.0,108.80891058183099,20-02-2023,,,,
Noise Cancelling Headphones,purchase,85.0,0.0,1514.0,137.0,0.0,24-12-2023,,,,
USB-C Hub,sale,4.0,7485.986797661267,4919.0,26.0,149.71973595322535,20-04-2023,,,,
Mechanical Keyboard,sale,1.0,5997.4216571974475,3708.0,40.0,119.94843314394895,17-07-2023,,,,
Gaming Monitor,sale,2.0,6667.211626019479,4569.0,30.0,133.34423252038957,22-02-2023,,,,
External SSD,sale,1.0,3215.105321260679,2294.0,46.0,64.30210642521358,13-07-2023,,,,
Mechanical Keyboard,sale,3.0,1135.515086608126,693.0,8.0,22.71030173216252,02-11-2023,,,,
Noise Cancelling Headphones,sale,3.0,4834.310781308149,2740.0,31.0,96.68621562616298,27-03-2023,,,,
Laptop Stand,sale,3.0,4979.383859123034,4092.0,17.0,99.58767718246068,24-12-2023,,,,
Bluetooth Speaker,sale,4.0,2749.5337835745927,2232.0,30.0,54.99067567149186,20-06-2023,,,,
Gaming Monitor,sale,3.0,3787.45705584916,3085.0,10.0,75.7491411169832,13-02-2023,,,,
Laptop Stand,sale,1.0,4177.845691879481,2530.0,10.0,83.55691383758962,15-06-2023,,,,
Gaming Monitor,sale,2.0,3961.6854521747427,2554.0,6.0,79.23370904349485,30-12-2023,,,,
Bluetooth Speaker,sale,3.0,2243.7490507477582,1475.0,13.0,44.87498101495517,12-05-2023,,,,
Mechanical Keyboard,sale,2.0,4120.5698167190385,2974.0,12.0,82.41139633438077,27-03-2023,,,,
Webcam,sale,1.0,4573.539085520049,3336.0,33.0,91.47078171040098,19-03-2023,,,,
Gaming Monitor,sale,1.0,6802.876470238279,4105.0,47.0,136.05752940476557,23-09-2023,,,,
Gaming Monitor,sale,4.0,4762.005526720872,3062.0,45.0,95.24011053441744,25-04-2023,,,,
Ethernet Adapter,sale,3.0,2831.6599626047237,1944.0,30.0,56.63319925209447,20-11-2023,,,,
Bluetooth Speaker,sale,4.0,5485.95573875335,3482.0,29.0,109.719114775067,26-06-2023,,,,
Laptop Stand,sale,4.0,3458.127280262305,2494.0,35.0,69.1625456052461,22-06-2023,,,,
Laptop Stand,sale,1.0,4004.4081860669826,3007.0,43.0,80.08816372133965,16-02-2023,,,,
Ethernet Adapter,sale,2.0,4045.707670488412,2388.0,6.0,80.91415340976825,09-12-2023,,,,
Noise Cancelling Headphones,purchase,10.0,0.0,1844.0,139.0,0.0,17-02-2023,,,,
USB-C Hub,purchase,25.0,0.0,1707.0,68.0,0.0,09-10-2023,,,,
USB-C Hub,sale,4.0,4338.100672697856,2443.0,7.0,86.76201345395712,22-11-2023,,,,
Noise Cancelling Headphones,sale,2.0,944.5616313910199,608.0,10.0,18.891232627820397,08-09-2023,,,,
USB-C Hub,sale,1.0,4294.912668674428,3553.0,37.0,85.89825337348856,27-09-2023,,,,
Gaming Monitor,sale,2.0,6173.414299661361,3774.0,17.0,123.46828599322723,06-02-2023,,,,
Wireless Mouse,sale,4.0,7480.4964553336185,4867.0,18.0,149.60992910667238,13-12-2023,,,,
Ethernet Adapter,purchase,42.0,0.0,2037.0,70.0,0.0,18-03-2023,,,,
External SSD,sale,3.0,3478.7275233724754,2517.0,40.0,69.57455046744951,15-04-2023,,,,
USB-C Hub,sale,3.0,2310.3923116110213,1493.0,18.0,46.207846232220426,16-03-2023,,,,
Laptop Stand,sale,1.0,3543.5925027833964,2450.0,11.0,70.87185005566793,25-03-2023,,,,
Laptop Stand,purchase,32.0,0.0,1669.0,137.0,0.0,31-10-2023,,,,
Ethernet Adapter,sale,3.0,2402.075412013064,1690.0,18.0,48.04150824026129,19-08-2023,,,,
Bluetooth Speaker,sale,2.0,2351.832114454025,1410.0,9.0,47.036642289080504,26-09-2023,,,,
Ethernet Adapter,purchase,78.0,0.0,4744.0,74.0,0.0,25-01-2023,,,,
Mechanical Keyboard,purchase,33.0,0.0,3838.0,113.0,0.0,16-11-2023,,,,
Bluetooth Speaker,sale,2.0,2160.504484006262,1498.0,6.0,43.210089680125236,24-11-2023,,,,
Gaming Monitor,purchase,33.0,0.0,2695.0,59.0,0.0,21-09-2023,,,,
Mechanical Keyboard,purchase,70.0,0.0,2532.0,144.0,0.0,22-11-2023,,,,
Wireless Mouse,sale,4.0,5693.272016053121,3856.0,25.0,113.86544032106242,11-06-2023,,,,
External SSD,purchase,15.0,0.0,4956.0,53.0,0.0,14-06-2023,,,,
Mechanical Keyboard,purchase,23.0,0.0,874.0,60.0,0.0,19-10-2023,,,,
Webcam,sale,1.0,1112.8142573273717,772.0,14.0,22.256285146547434,01-04-2023,,,,
Webcam,sale,3.0,3809.5680655181154,2794.0,39.0,76.19136131036231,30-06-2023,,,,
Bluetooth Speaker,sale,2.0,3059.139689074396,1727.0,8.0,61.182793781487916,13-10-2023,,,,
Webcam,sale,4.0,4173.276943536356,2738.0,24.0,83.46553887072713,10-04-2023,,,,
Bluetooth Speaker,sale,2.0,2204.3157519391702,1482.0,24.0,44.086315038783404,22-08-2023,,,,
USB-C Hub,purchase,97.0,0.0,3928.0,147.0,0.0,08-01-2023,,,,
External SSD,sale,1.0,1425.60425776152,1175.0,18.0,28.5120851552304,07-06-2023,,,,
USB-C Hub,sale,2.0,3843.9033217622587,2549.0,34.0,76.87806643524517,02-04-2023,,,,
Gaming Monitor,sale,4.0,3634.0606578366846,2451.0,35.0,72.68121315673369,21-08-2023,,,,
Wireless Mouse,sale,3.0,4896.921676833162,3233.0,19.0,97.93843353666324,08-12-2023,,,,
External SSD,sale,2.0,4422.582221725868,2926.0,10.0,88.45164443451736,04-03-2023,,,,
Bluetooth Speaker,sale,4.0,7570.7025249681565,4801.0,24.0,151.41405049936313,22-08-2023,,,,
Webcam,sale,1.0,3295.571377438795,2461.0,32.0,65.9114275487759,01-02-2023,,,,
Gaming Monitor,sale,4.0,1142.8650679114803,778.0,15.0,22.857301358229606,05-12-2023,,,,
Gaming Monitor,sale,1.0,6585.5608194920005,4447.0,6.0,131.71121638984002,06-06-2023,,,,
Bluetooth Speaker,sale,2.0,3741.9565281496275,2141.0,45.0,74.83913056299255,04-11-2023,,,,
Bluetooth Speaker,sale,1.0,3525.0281506505794,2159.0,31.0,70.50056301301159,11-01-2023,,,,
Bluetooth Speaker,sale,3.0,4153.339645005072,2398.0,49.0,83.06679290010145,23-09-2023,,,,
Wireless Mouse,sale,2.0,2245.2380751570613,1629.0,38.0,44.90476150314122,02-12-2023,,,,
Mechanical Keyboard,purchase,53.0,0.0,682.0,117.0,0.0,31-07-2023,,,,
Webcam,sale,3.0,5565.120666552244,4240.0,12.0,111.30241333104489,05-11-2023,,,,
USB-C Hub,purchase,40.0,0.0,2896.0,11.0,0.0,04-10-2023,,,,
Gaming Monitor,sale,4.0,718.6658420853935,569.0,22.0,14.37331684170787,17-04-2023,,,,
Ethernet Adapter,purchase,97.0,0.0,2257.0,37.0,0.0,19-02-2023,,,,
Noise Cancelling Headphones,purchase,30.0,0.0,4836.0,31.0,0.0,11-09-2023,,,,
External SSD,sale,4.0,2268.3936695532843,1823.0,31.0,45.367873391065686,17-08-2023,,,,
Mechanical Keyboard,sale,3.0,2468.224826726971,2052.0,46.0,49.36449653453942,28-01-2023,,,,
Wireless Mouse,sale,1.0,6069.955179558364,3670.0,41.0,121.39910359116728,30-01-2023,,,,
Mechanical Keyboard,purchase,37.0,0.0,2398.0,146.0,0.0,29-08-2023,,,,
Noise Cancelling Headphones,sale,4.0,858.7088851292267,561.0,31.0,17.174177702584533,17-01-2023,,,,
Wireless Mouse,sale,2.0,7715.464914836718,4498.0,43.0,154.30929829673437,07-05-2023,,,,
Webcam,sale,4.0,1106.5639173159932,782.0,34.0,22.131278346319863,29-04-2023,,,,
Webcam,sale,4.0,2327.7405252019125,1309.0,8.0,46.55481050403825,23-10-2023,,,,
External SSD,purchase,61.0,0.0,1665.0,91.0,0.0,03-06-2023,,,,
Gaming Monitor,sale,4.0,5455.1816633726885,4014.0,48.0,109.10363326745377,12-02-2023,,,,
Ethernet Adapter,sale,3.0,6254.989101086848,3994.0,14.0,125.09978202173696,10-12-2023,,,,
Noise Cancelling Headphones,sale,1.0,6441.283786804643,3831.0,34.0,128.82567573609285,16-10-2023,,,,
Noise Cancelling Headphones,sale,2.0,1701.280233007016,1368.0,44.0,34.025604660140324,01-09-2023,,,,
Webcam,sale,1.0,4599.468728205351,3416.0,28.0,91.98937456410702,14-02-2023,,,,
External SSD,sale,4.0,8359.460728989434,4994.0,30.0,167.18921457978868,21-10-2023,,,,
Ethernet Adapter,sale,4.0,4921.558934799154,3165.0,44.0,98.43117869598308,03-09-2023,,,,
Laptop Stand,sale,3.0,3500.8725469601764,1994.0,10.0,70.01745093920353,11-02-2023,,,,
Gaming Monitor,sale,3.0,2024.5721607168412,1397.0,45.0,40.491443214336826,12-01-2023,,,,
Noise Cancelling Headphones,purchase,57.0,0.0,4349.0,111.0,0.0,08-11-2023,,,,
External SSD,sale,1.0,7409.92453918855,4390.0,37.0,148.198490783771,31-07-2023,,,,
Webcam,sale,3.0,3608.1072990328403,2800.0,30.0,72.1621459806568,01-01-2023,,,,
Mechanical Keyboard,sale,3.0,5252.066728372156,2952.0,43.0,105.04133456744312,16-01-2023,,,,
Wireless Mouse,purchase,29.0,0.0,3064.0,74.0,0.0,12-02-2023,,,,
Wireless Mouse,sale,2.0,6795.142199125453,4061.0,29.0,135.90284398250907,29-04-2023,,,,
Mechanical Keyboard,sale,3.0,5068.784144139105,3769.0,30.0,101.3756828827821,17-10-2023,,,,
USB-C Hub,sale,1.0,2539.5066688182715,1980.0,21.0,50.79013337636543,05-01-2023,,,,
